Customer_id,Customer_name,Gender,Age,Income_level,Occupation,Location,Education,Email
1,Susan Cooper,Female,62,Low,Print production planner,New Lindsayside,High School,denise83@yahoo.com
2,Devin Hansen,Other,65,High,"Teacher, music",Davismouth,Master,robertyoung@gmail.com
3,Elizabeth Acosta MD,Female,18,Low,"Horticulturist, commercial",North Timothy,Bachelor,diane74@reyes-everett.com
4,Karina Cruz,Female,21,Medium,Neurosurgeon,Smithside,PhD,vmullins@yahoo.com
5,Daniel Hughes,Female,21,Medium,Youth worker,Lake Benjamin,Bachelor,ojohnson@hotmail.com
6,Lori Torres,Male,57,Low,Garment/textile technologist,Port Brendamouth,High School,longkimberly@burnett.com
7,Christopher Mason,Male,27,Medium,"Designer, interior/spatial",South Jasonview,High School,hannah50@hotmail.com
8,Benjamin Callahan,Male,37,High,Recycling officer,Port Jacobton,PhD,patrickanderson@golden.com
9,Kelly Everett,Male,39,Low,Media planner,New Jessica,High School,blackhelen@hotmail.com
10,Linda Chan,Other,68,High,Industrial/product designer,Karenton,Master,leeanne@hotmail.com
11,Elizabeth Rosario,Male,54,High,Comptroller,Samanthabury,PhD,bowen@kelley.info
12,Matthew Doyle,Female,41,Medium,"Psychologist, prison and probation services",Doyleborough,PhD,wintersjoshua@sanchez-sanchez.info
13,Jonathan Newman,Male,24,Medium,"Therapist, nutritional",Lake Allisonville,Bachelor,katherineaustin@miller-valdez.com
14,Jonathan Mercer,Male,42,Medium,Occupational therapist,Thompsonmouth,High School,kurtdominguez@bradford.info
15,Carla Torres,Male,42,High,Leisure centre manager,North Christopherfort,Bachelor,barbarapage@hamilton.com
16,Meagan Thompson,Other,30,Low,"Psychotherapist, child",Lake Elijah,Master,mirandaguzman@hotmail.com
17,Jordan Smith,Other,19,Medium,Counselling psychologist,New Miguelview,Master,rreeves@casey-brennan.net
18,Ashley Jones,Other,56,High,Animator,Alvarezbury,Bachelor,vtrujillo@morgan-higgins.com
19,Teresa Brown,Female,57,High,Microbiologist,Phamstad,PhD,mjohnson@yahoo.com
20,Jamie Clark,Female,41,Medium,Industrial buyer,Fischermouth,High School,williamgonzalez@hotmail.com
21,Melissa Thompson,Female,64,Medium,Further education lecturer,Hornview,PhD,cynthiabrady@cohen-maddox.com
22,Zachary Carlson,Female,42,High,Set designer,Priceburgh,Bachelor,trivera@gmail.com
23,Jose Daniels,Male,35,Medium,Mechanical engineer,Brandonton,High School,joshua97@simpson.com
24,Desiree Garcia,Other,55,Low,"Editor, film/video",West Tyler,PhD,fergusoncynthia@gmail.com
25,Brian Ramirez,Female,43,Low,Advertising copywriter,Smithbury,High School,rdavis@ramirez.net
26,Megan Benton,Male,31,Low,"Journalist, magazine",West Christopherland,Master,lamberttim@yahoo.com
27,David Matthews,Other,26,Medium,Volunteer coordinator,New Eric,Master,stephanie06@williams-young.org
28,Christopher Dunn,Other,27,High,Communications engineer,Reyeston,Bachelor,brendasmith@gmail.com
29,Erik Reeves,Female,38,Low,Multimedia specialist,Port Carlostown,Master,laura79@hotmail.com
30,Michael Eaton,Female,69,High,Osteopath,Duartestad,Bachelor,stevendennis@henry.biz
31,Mike Williams,Female,34,Low,Biomedical engineer,Smithfort,Bachelor,fullerbrian@gray.com
32,Deborah Leonard,Female,69,High,Patent examiner,Sarahchester,Bachelor,dominguezmatthew@smith-mosley.biz
33,Lindsay Cole,Male,23,High,Orthoptist,West Paula,Master,kgonzalez@yahoo.com
34,Kathleen Spencer,Female,33,High,Bonds trader,Lake Maria,Master,idaniel@yahoo.com
35,David Morris,Male,65,High,Mechanical engineer,East Jonathan,High School,woodhunter@wright.com
36,Paul Evans,Other,18,Low,Animal nutritionist,New Jamie,Bachelor,brooksvictoria@hernandez.com
37,Matthew Martin,Other,36,Medium,"Scientist, marine",New Tommy,High School,reedjason@yahoo.com
38,James Friedman,Male,53,Low,Geophysicist/field seismologist,Lake Jamesburgh,High School,jeffrey53@knight-walters.org
39,Michael Cook,Other,42,High,Private music teacher,South Angela,Master,derek80@mitchell.net
40,Jennifer Aguilar MD,Female,67,Medium,"Restaurant manager, fast food",West Candaceport,Master,stephaniehenry@gmail.com
41,Cheryl Herring,Female,69,Medium,Lobbyist,Lake Christopher,Bachelor,jameshodges@jordan.info
42,James Johnson,Female,47,Medium,Retail merchandiser,North Jeffrey,High School,lisaperez@gmail.com
43,James Castillo,Female,37,Medium,Economist,Jonathanstad,Bachelor,todd62@peterson.info
44,Danielle Atkinson,Male,37,High,Occupational psychologist,West Phillip,Bachelor,ogeorge@jacobson.biz
45,Mark Mack,Female,32,Low,Economist,New Chelseahaven,PhD,shannon23@yahoo.com
46,Gabriel Bradley,Other,57,Medium,Data processing manager,Lake Janeport,Bachelor,richardrollins@hotmail.com
47,Sarah Blanchard,Other,50,High,"Surveyor, building",North Chris,Master,richardgarcia@yahoo.com
48,Jeremy Flores,Female,19,High,Electrical engineer,Stephanieberg,PhD,ballardamy@hotmail.com
49,Robert Farley MD,Other,27,High,Speech and language therapist,Dennisburgh,Master,baldwinamy@yahoo.com
50,Douglas Randall,Female,50,Medium,"Administrator, charities/voluntary organisations",Port Shawntown,Master,zroberts@hotmail.com
51,Wendy Hale,Female,49,High,"Surveyor, building",Donaldsonborough,High School,crawfordjill@hotmail.com
52,Kristin Daniel MD,Male,28,High,"Education officer, environmental",Lake Brianton,High School,jonathan87@obrien-payne.com
53,Evelyn Armstrong,Male,41,Medium,"Conservation officer, nature",West Krista,High School,antonio64@taylor.org
54,Robert Carter,Female,53,Low,Insurance account manager,South Janiceborough,PhD,jonesjames@meyer-holmes.net
55,Laura Martin,Other,29,Low,"Scientist, clinical (histocompatibility and immunogenetics)",Ashleychester,PhD,teresarollins@yahoo.com
56,Scott Carlson,Other,68,Medium,"Engineer, materials",Ingramview,High School,sherriperkins@munoz-ortiz.info
57,Carol Woodard,Female,46,High,Clinical cytogeneticist,Lake Miguel,Bachelor,bonniejohnston@lara.biz
58,Jennifer Johnson,Male,52,High,Adult guidance worker,Chamberstown,Master,brooksthomas@nguyen.com
59,Allen Waters,Male,18,High,Animal nutritionist,Bensonton,PhD,sallymorrison@hotmail.com
60,Cynthia Hawkins,Male,18,Low,"Designer, interior/spatial",Christopherview,Bachelor,crystal52@hotmail.com
61,Kim Lawson,Male,54,Medium,Colour technologist,New Evanmouth,Master,acameron@lam.com
62,John Mcfarland,Male,23,Low,Marketing executive,Wendyfurt,PhD,prodriguez@yahoo.com
63,Craig White,Male,56,Low,"Engineer, automotive",West Gabriel,PhD,gkeller@hotmail.com
64,John Olsen,Female,58,Medium,Automotive engineer,Dillonfurt,Bachelor,crodriguez@cunningham-kennedy.com
65,Anna Lynch,Male,35,Low,Writer,Shortburgh,Bachelor,joseph70@hotmail.com
66,Timothy Mullen,Female,33,High,"Radiographer, diagnostic",Combshaven,PhD,qwiley@gmail.com
67,Scott Brown,Female,22,Low,Local government officer,Jonesland,Master,mfisher@hotmail.com
68,Adam Moyer,Female,59,High,Product manager,Duartehaven,PhD,brian00@cantrell.com
69,Sarah Obrien,Other,60,Low,Publishing rights manager,Atkinsonfurt,Bachelor,mendozacody@gmail.com
70,Laura Harvey,Male,49,Medium,Freight forwarder,South Nicholaston,High School,vprice@gmail.com
71,Laura Brown,Male,19,Low,"Surveyor, mining",North Brendabury,Bachelor,qjohnson@gmail.com
72,Melanie Jones,Male,19,Low,Meteorologist,Port Sheilamouth,Bachelor,jmurray@romero.com
73,Douglas Robertson,Female,57,Medium,Minerals surveyor,Solomonfurt,Bachelor,michael71@patterson-collier.org
74,Edward Carr,Other,59,High,Database administrator,Henryport,Master,jon53@gmail.com
75,Randy Rodriguez,Other,53,Low,Production engineer,Wilsonstad,High School,pmartinez@gmail.com
76,Brian Bishop,Female,56,High,"Designer, industrial/product",Port Ricky,High School,wilcoxjason@porter-lamb.com
77,Tamara Summers,Other,29,Low,Analytical chemist,Mitchellland,High School,carrrandall@smith-christensen.com
78,Geoffrey Warren,Male,64,High,"Engineer, technical sales",East Randall,Master,qharris@yahoo.com
79,Angela Allen,Male,36,High,Air cabin crew,North Jennifer,Master,jacobjones@king-taylor.com
80,Gina Wong,Other,45,High,Tourist information centre manager,Charlenemouth,Bachelor,malvarez@hotmail.com
81,Chloe Hicks,Other,18,High,"Biochemist, clinical",Lake Jessicashire,PhD,lindseycrystal@hotmail.com
82,Becky Welch,Male,32,Low,Ecologist,Davidborough,Master,megan04@hotmail.com
83,Jeffrey Watts,Other,53,High,Barrister's clerk,New Andrewchester,PhD,colson@jones.com
84,Jennifer Johnson,Female,30,High,Economist,Petersmouth,Master,iclay@yahoo.com
85,Lori Spencer,Female,60,High,IT trainer,Davidsonfurt,PhD,joannecampbell@monroe.com
86,Kristin Olson,Other,38,Low,"Designer, multimedia",New Emilymouth,PhD,zroberson@hotmail.com
87,Holly Weaver,Male,29,Low,Exhibition designer,West Henryville,PhD,marissa32@hotmail.com
88,Sandra Yoder,Other,22,High,Operations geologist,Foxbury,Bachelor,pjenkins@gmail.com
89,Calvin Davidson,Other,24,Medium,Manufacturing systems engineer,Lake Williamville,High School,cynthia04@gmail.com
90,Thomas Lewis,Male,22,Low,IT technical support officer,Taylormouth,Bachelor,usmith@gmail.com
91,John Burns,Female,65,Medium,"Psychologist, occupational",Port Christopher,Bachelor,anthony09@gonzalez.com
92,James Harris,Other,21,Low,"Administrator, education",Lake Davidland,PhD,harmonkelly@gmail.com
93,Maria Parks,Other,30,Low,Neurosurgeon,Port Crystal,High School,annagibbs@gmail.com
94,Margaret Graham,Other,54,Medium,Land,Lewisside,High School,psalinas@hotmail.com
95,Tammy Nguyen,Female,58,Medium,Risk manager,Markfurt,Master,kerrbrandon@brown-mcbride.com
96,Holly Rivera,Male,32,Medium,Travel agency manager,Lake Tammyville,Master,gabrielwoods@singh-young.com
97,Jesse King,Other,33,Low,Statistician,New Brent,Bachelor,hilljonathan@hotmail.com
98,Terry Russell,Female,38,Medium,Police officer,Lake Rebecca,High School,odominguez@jordan-fleming.com
99,Katie Fitzgerald,Male,53,Medium,Paediatric nurse,North Jenniferfurt,Master,thompsonchristine@gmail.com
100,Michael Todd,Male,41,Medium,Pharmacologist,Kimberlyland,Master,peter66@kelly.org
101,Jacob Brewer,Male,33,Medium,"Scientist, biomedical",East Kelly,Bachelor,katherinehorn@gmail.com
102,Amanda Campbell,Female,31,Low,Maintenance engineer,Lake Pamela,Master,kmoore@dennis-williams.com
103,Cassandra Bass,Other,39,High,Ergonomist,Mccarthyville,Bachelor,wrightabigail@gmail.com
104,Amanda Parker,Other,66,Medium,Health and safety inspector,Lake Claire,High School,vlynn@knight-peterson.com
105,Katrina Thompson,Female,67,Medium,Investment analyst,Stevensonland,High School,matthew91@hotmail.com
106,Thomas Alexander,Male,23,High,Marketing executive,Henrymouth,PhD,nortondana@garcia-wilson.com
107,Christopher Mccullough,Female,59,High,Metallurgist,Terrihaven,High School,amymcmillan@dean-richmond.com
108,Nathan Perry,Female,53,High,Data processing manager,Lawrenceside,Master,xhorton@lane.net
109,Steven Walker,Other,18,High,Industrial/product designer,South Davidside,Master,michaelpatterson@yahoo.com
110,Alec Hammond,Other,49,Medium,Fisheries officer,Jamesmouth,Master,jthompson@hotmail.com
111,Gina Oconnell,Female,23,High,"Therapist, art",New Theresa,High School,richardriggs@cain.biz
112,Zachary Winters,Female,48,Low,Airline pilot,Currybury,Bachelor,desiree69@rocha-jones.net
113,Christine Stewart,Other,18,Medium,Firefighter,East Hannahton,Bachelor,david85@smith.org
114,Alan Pierce,Male,67,Low,Financial planner,Lake Natasha,PhD,brian95@ellison.com
115,Joshua Reed,Male,68,Low,Waste management officer,Lake Riley,High School,millertimothy@gmail.com
116,Ryan Herman,Female,54,Medium,"Programmer, multimedia",South Jason,Master,whitealison@shaw-lara.com
117,Timothy Edwards,Female,52,High,Associate Professor,Lake Dalton,Master,sullivanjulia@jackson.com
118,Paul Campos,Female,66,Low,Air cabin crew,Lawsonland,High School,geoffreysutton@hotmail.com
119,Kyle Mendoza,Other,47,Low,Chartered public finance accountant,West Martin,Master,karen64@gmail.com
120,Daniel Ford,Female,21,Medium,"Scientist, research (maths)",Port Christine,High School,mccormickshawn@espinoza.com
121,Melinda James,Other,52,High,Geoscientist,Donnastad,Bachelor,desiree94@paul.net
122,David Tyler,Female,60,Low,Further education lecturer,Perezburgh,Bachelor,rebeccaschneider@hotmail.com
123,Jacob Montoya,Male,31,High,Haematologist,Tannertown,PhD,lovejoseph@glass-brooks.com
124,Philip Reynolds,Other,66,Medium,"Surveyor, hydrographic",Gardnerborough,Bachelor,heathergiles@douglas.info
125,Ryan King,Other,57,High,Therapeutic radiographer,Smithberg,Master,darylkoch@yahoo.com
126,Katelyn Brooks,Female,39,Medium,"Scientist, research (maths)",Port Benjamin,Bachelor,garrettrodgers@wilcox.biz
127,Amber Erickson,Female,27,Medium,Clinical cytogeneticist,Port John,Master,anguyen@reynolds.com
128,Patricia Hunter,Other,18,Medium,"Nurse, learning disability",East Dannymouth,Master,irice@james-hughes.com
129,Lisa Cortez,Other,28,Medium,Youth worker,Heidistad,High School,barnespamela@salazar.biz
130,Amanda Gonzalez,Male,68,Low,Leisure centre manager,Gibbsbury,Bachelor,othomas@yahoo.com
131,Timothy Foster,Male,61,High,Horticultural therapist,East Alexandra,Bachelor,rvalentine@schneider.biz
132,Hunter Ayers,Other,41,Medium,"Scientist, product/process development",New Morgan,Bachelor,wgray@yahoo.com
133,Stephanie Schroeder,Other,20,High,Chemical engineer,Robinmouth,PhD,rebeccatodd@obrien.com
134,Joshua Curry,Female,52,Low,Agricultural engineer,Richardsontown,Master,jhenderson@gmail.com
135,Stacey Smith,Other,53,Medium,Chartered loss adjuster,West Ricky,PhD,emontgomery@hotmail.com
136,Chris Gray DDS,Male,48,Medium,Proofreader,Bartonshire,High School,melanietucker@green.com
137,Benjamin Smith,Female,21,Medium,"Horticulturist, amenity",Annashire,Master,howardtyler@mccoy.net
138,Jacob Boyd,Other,36,High,"Editor, magazine features",South Johnfurt,Master,ssmith@hotmail.com
139,Stephanie Porter,Male,64,High,Building surveyor,Myersburgh,Master,graykendra@holt.com
140,Kelly Blackburn,Other,53,Low,Building surveyor,Jamesland,Master,lparks@gmail.com
141,Nicole Davis,Other,38,Medium,"Conservator, museum/gallery",Rossborough,Master,sheltontiffany@smith.com
142,Kayla Gomez,Other,35,High,Pension scheme manager,North Kathrynhaven,Bachelor,ehardin@barker-patton.net
143,Lisa Young,Other,68,Low,"Merchandiser, retail",Larsonland,Master,navarrokiara@anderson-simpson.info
144,Kari Browning,Female,45,High,Biomedical scientist,West Kelseystad,PhD,ngardner@gmail.com
145,Natalie Miller,Other,32,Medium,"Psychologist, prison and probation services",North Christinastad,Bachelor,gregory69@yahoo.com
146,Allen Phelps,Male,59,High,"Optician, dispensing",Wyattborough,PhD,xfoster@gmail.com
147,Jeffrey Walker,Other,19,High,Arts development officer,Michaelview,Bachelor,garciacarol@cooley.info
148,Michael Baker,Male,54,High,"Doctor, general practice",Kimberlyville,PhD,scottmeza@williams.com
149,Michelle Swanson,Other,28,Medium,Special educational needs teacher,Davidhaven,PhD,elijah80@hotmail.com
150,Steven Terry,Female,40,High,Agricultural engineer,Jameschester,PhD,daniellebeasley@hotmail.com
151,Shannon Davila,Other,61,High,Airline pilot,Port Kelsey,High School,randycarlson@harper.org
152,Dr. James Esparza Jr.,Male,58,Low,"Engineer, maintenance",Port Belindaborough,High School,jenkinskevin@curtis-jensen.net
153,Richard Smith,Female,29,Low,Technical author,Lake Richard,Bachelor,bushjoseph@walker.net
154,Jason Graham,Other,20,High,"Teacher, primary school",West Bryanborough,Master,ptucker@yahoo.com
155,Rachel Davis,Other,69,Medium,Commercial horticulturist,North Joelport,Master,jennifer79@hotmail.com
156,Laurie Martinez,Other,34,High,Dealer,Angelastad,Bachelor,cathy46@yahoo.com
157,Matthew Church,Male,50,Low,Quarry manager,Wilsonborough,Bachelor,vcross@hodge-waller.com
158,Mary Williamson DVM,Other,18,Low,"Engineer, electronics",Robertshire,PhD,tinamccarthy@miller.com
159,Lauren Campbell,Other,56,Medium,"Nurse, learning disability",East Alecland,High School,jessicawilliams@gmail.com
160,William Andrews,Female,37,Medium,Solicitor,South Jamesshire,Bachelor,ktorres@valencia.net
161,Jodi Little,Other,64,Low,"Education officer, community",South Eric,High School,vincentgonzalez@yahoo.com
162,Samantha Jordan DVM,Male,60,Medium,Statistician,Jenkinston,High School,laurarodriguez@berry.com
163,Sara Marquez,Male,69,High,Armed forces technical officer,Houstonstad,PhD,xhardy@yahoo.com
164,Patty Baxter,Other,58,High,Radio producer,Wallaceland,PhD,adam26@meyer-maddox.info
165,Marcus Thomas,Female,31,Medium,Public relations account executive,Samanthastad,High School,timothyramos@ward.com
166,Adrian Murray,Other,48,Low,"Engineer, electrical",Combsland,Master,suzannelee@gmail.com
167,Patrick Boyd,Female,42,Low,Games developer,West Rebecca,High School,douglas63@krueger-thomas.com
168,Patrick Gillespie DDS,Other,20,High,"Therapist, drama",Maryside,PhD,amacias@caldwell-vazquez.com
169,Daniel Moore,Female,21,Medium,Musician,Lake Haydenbury,Bachelor,michaeladams@gmail.com
170,Nicholas Frank,Male,48,Low,Market researcher,Burnettstad,High School,gina59@hotmail.com
171,Sara Brewer,Other,52,Low,Colour technologist,New Katherinechester,Master,brittany56@yahoo.com
172,Jennifer Martin,Other,61,Medium,Probation officer,Evansville,High School,allenashley@yahoo.com
173,Emily Wilson,Female,31,Low,Multimedia specialist,Bullockfort,Master,curtisstevens@thomas.info
174,Jonathon Gates,Other,66,Low,Homeopath,Morganberg,Bachelor,wbautista@gmail.com
175,Joshua Velasquez,Other,58,Medium,Physiotherapist,New Leslie,Master,carteranthony@rodriguez.biz
176,Billy Lynch,Female,26,High,Clinical embryologist,East Kennethside,Bachelor,jwilliams@yahoo.com
177,Debra Mckenzie,Male,37,Medium,Financial adviser,Port Shaunville,PhD,timothyturner@king.org
178,Tasha Miller,Other,49,Medium,Immigration officer,Nicoleburgh,High School,campbelljamie@walsh-simmons.info
179,Jasmine Foster,Female,26,High,Data scientist,Leslieport,Bachelor,jacqueline43@nielsen.net
180,Christopher Bradford,Male,44,High,Jewellery designer,North Mariaberg,Master,robertdavis@gmail.com
181,Kristine Mccarthy,Other,20,High,Publishing copy,Billymouth,Master,letimothy@hotmail.com
182,Timothy Alexander,Other,21,High,"Engineer, building services",North Robert,Bachelor,joeadkins@fritz-johnson.com
183,Jennifer Walter,Female,62,Low,Air cabin crew,Rodriguezshire,High School,paul42@warren.com
184,Duane Bush,Female,32,High,Musician,Toddton,Bachelor,michelle08@hotmail.com
185,Antonio Prince,Female,50,Medium,Risk analyst,Monicaville,Bachelor,christopher48@gmail.com
186,Andrea Cohen,Male,22,Low,Analytical chemist,Port Danielstad,Bachelor,kristy61@whitehead-stone.com
187,Ryan Horton,Male,21,Medium,Ergonomist,Jaclynfort,Bachelor,smithjohnathan@hotmail.com
188,Ashley Mueller,Other,63,Medium,General practice doctor,Johnshire,PhD,vasquezgregory@taylor.com
189,James Johnson,Other,29,Medium,Commercial horticulturist,Woodwardfurt,PhD,jasminejacobs@gmail.com
190,Joseph Bennett,Female,40,Medium,Industrial buyer,Port Angela,High School,xburke@carter.biz
191,Jennifer Johnson,Female,31,Medium,"Engineer, chemical",South Anthony,PhD,fgates@gmail.com
192,David Smith,Male,63,High,"Designer, furniture",New Williamport,Master,kevinjuarez@franklin-lopez.biz
193,Lance Murphy,Female,29,Medium,Museum/gallery curator,New Tanyafurt,High School,murraycody@jackson-armstrong.info
194,Daniel Medina,Female,34,Medium,Higher education lecturer,Payneport,Bachelor,summersisaac@hogan.com
195,William Johnson,Other,42,High,Community education officer,Alexanderchester,Bachelor,ifernandez@yahoo.com
196,Shane Taylor,Male,47,Medium,"Surveyor, planning and development",Traceyton,High School,qbarnes@hotmail.com
197,John Norris,Male,39,Low,Automotive engineer,Jessicaberg,PhD,xtownsend@hotmail.com
198,Megan Kline,Female,64,High,Medical secretary,Wilkinschester,Bachelor,seth76@nelson-baker.com
199,Danielle Scott,Female,43,High,"Designer, exhibition/display",Port Lauren,High School,pgray@williams.com
200,Peter May,Other,34,Medium,Advice worker,East Christopherton,PhD,pattersonnathaniel@wolf.net
201,James Mcknight,Male,37,High,Exercise physiologist,Walkerview,Master,collinsanna@yahoo.com
202,Christie Smith,Other,51,Low,Commissioning editor,Raymondstad,Bachelor,kgarcia@yahoo.com
203,Anthony Dalton,Male,58,High,Communications engineer,Angelaton,High School,darrylscott@hotmail.com
204,Heather Howard,Other,50,High,Environmental health practitioner,Port Anthonyburgh,Master,doyledavid@gmail.com
205,Emily Washington,Female,54,High,"Copywriter, advertising",West Allison,High School,paul09@gray-barrera.com
206,Mr. Daniel Murray,Female,24,High,Meteorologist,East Jasonmouth,Bachelor,claytonglass@gmail.com
207,Christian Hernandez,Male,39,Low,Armed forces operational officer,Joseside,PhD,barrjennifer@prince.info
208,William Carlson,Male,49,Medium,"Pharmacist, hospital",North Heather,Bachelor,virginia69@trujillo.info
209,James Navarro,Male,31,High,Publishing copy,New Charlesview,Bachelor,dsimmons@robinson-thomas.org
210,Luis Vasquez,Female,25,High,Advertising art director,South Laura,Master,jjohnson@hotmail.com
211,Russell Cantu,Female,42,Low,Quarry manager,Douglasfurt,High School,kmclaughlin@christian.org
212,Sarah Torres,Other,33,Low,"Surveyor, commercial/residential",Emilymouth,Bachelor,jtodd@hotmail.com
213,Julia Ochoa,Other,59,High,Claims inspector/assessor,West Ashley,Bachelor,ualexander@gmail.com
214,Alexander Coffey,Male,36,Medium,Geochemist,New Wayne,PhD,patricia55@gmail.com
215,Jane Murillo,Male,58,Low,Special educational needs teacher,South Anthony,PhD,allisonwolf@yahoo.com
216,William Hall,Female,33,High,Radio producer,Port Noahburgh,Bachelor,lawrence16@gmail.com
217,Ian Munoz,Male,29,High,Research scientist (physical sciences),Lake Michaelview,Bachelor,mcconnellreginald@olson.com
218,Kristen White,Other,56,Low,Public house manager,Port Sandra,Bachelor,barbarawang@yahoo.com
219,Emily Harvey,Female,65,High,IT technical support officer,East Madison,Bachelor,usantos@rose.com
220,Brent Peterson,Other,47,Medium,Network engineer,Karenfort,Master,brownashley@reeves-anderson.org
221,Christina Rich,Male,19,Low,Therapeutic radiographer,Braunbury,PhD,perezamanda@wu.info
222,Raymond Green DVM,Female,49,Low,"Engineer, agricultural",Wardport,Bachelor,jeffrey05@novak.com
223,Carrie Willis,Female,62,Medium,"Lecturer, further education",West Wyattport,Bachelor,martinjamie@chapman.com
224,James Murphy,Other,42,Low,Physiological scientist,Collinshaven,High School,warnerkelly@hotmail.com
225,Julie Howell,Male,42,High,Corporate treasurer,East Kristy,PhD,emilyroberts@obrien-potter.net
226,Kelly White,Male,21,High,"Radiographer, diagnostic",West Deannafort,Master,martinsummer@carpenter.net
227,Alexander Hanson,Male,36,Low,Private music teacher,Woodmouth,Bachelor,kimkristen@gmail.com
228,Kenneth Doyle,Female,65,Low,Chartered legal executive (England and Wales),Stephanieport,Bachelor,sheilajensen@marshall.com
229,Robert Walker,Male,21,High,"Administrator, charities/voluntary organisations",Brownchester,Bachelor,angela10@clark.com
230,Joseph Garcia,Other,60,Low,Magazine journalist,Martinton,Master,heather89@jones.com
231,Edward Moreno,Male,30,Low,Merchant navy officer,Stevenville,PhD,wsolis@yahoo.com
232,Robert Dawson,Female,56,High,"Scientist, clinical (histocompatibility and immunogenetics)",Port Juanborough,Bachelor,vsims@jones-chan.org
233,Kathryn Baker,Male,53,Medium,Holiday representative,West Annetteborough,Master,millerdavid@thompson.info
234,Patricia Williams,Other,40,Medium,Metallurgist,Maryburgh,Bachelor,laurenhull@smith.info
235,Christine Kim,Male,23,Low,Paediatric nurse,Alvaradotown,Bachelor,samantha01@yahoo.com
236,Melissa Chaney,Male,41,Low,Personal assistant,Camposmouth,PhD,vmccullough@gmail.com
237,Carla Burns,Female,61,Low,Armed forces logistics/support/administrative officer,Kyleton,High School,seanlucas@houston.biz
238,Caroline Jones,Female,50,Low,Passenger transport manager,North Danielfort,PhD,jeremy57@hotmail.com
239,Julie Wood,Other,29,High,Textile designer,Frazierhaven,High School,larry70@marshall.com
240,Christopher Gonzalez,Male,58,Medium,"Designer, exhibition/display",North Alexisside,PhD,sonyahuang@yahoo.com
241,Terri Gonzalez,Male,38,High,Oncologist,Jeffreyberg,Bachelor,jason93@yahoo.com
242,Steven Camacho,Female,28,Medium,"Librarian, public",Carneyberg,PhD,janice68@gmail.com
243,Anthony Gallegos,Male,61,Low,Product manager,Lake Kathyfort,High School,ramosandrea@bowman.com
244,Aaron Morton,Other,55,Low,Chief Financial Officer,Josephfort,PhD,sarah62@shepard.info
245,Derek Kim DDS,Male,46,Low,"Education officer, environmental",East Kurtstad,PhD,griffinamanda@yahoo.com
246,Aaron Rogers,Other,65,High,Administrator,Hutchinsonport,High School,irodriguez@garcia.com
247,Melissa Valencia,Female,58,Medium,Musician,Danielberg,Master,william47@chan.org
248,Rachel Collins,Female,20,Medium,"Clinical scientist, histocompatibility and immunogenetics",Chrismouth,Master,westdaniel@gmail.com
249,Wanda Wagner,Male,45,Medium,Airline pilot,Malonemouth,High School,jenniferedwards@scott.net
250,Kristen Butler,Female,37,Low,Dietitian,Chenview,PhD,billy63@gmail.com
251,Lori Wells,Male,43,High,Financial controller,North Megan,PhD,nicole86@davis.com
252,Cheryl Davis,Male,41,Low,"Engineer, land",Martinport,Master,james64@lang.info
253,Samantha Kennedy,Male,69,Low,Structural engineer,Delgadoside,Master,megangrant@yahoo.com
254,Amanda Matthews,Male,64,Medium,Community pharmacist,North Bruce,High School,craig62@newton-white.com
255,Tammy Miles,Male,38,Low,Hospital pharmacist,West Jenniferville,Bachelor,eharris@turner-turner.com
256,Joan Moyer,Male,47,High,Multimedia programmer,Tyroneberg,High School,owilliams@gmail.com
257,Jennifer Gardner,Other,21,Medium,"Editor, magazine features",North Blake,PhD,athomas@hotmail.com
258,Jasmine Griffin,Female,53,Low,Proofreader,Nicolemouth,Bachelor,cherryrebecca@hall.com
259,Krystal Roberts,Female,57,Medium,Armed forces technical officer,New Mary,Master,joyce93@gmail.com
260,Brandy Decker,Female,27,Medium,Media planner,Lake Damon,High School,timothy81@yahoo.com
261,Austin Wade,Other,27,Low,Adult guidance worker,Roseport,High School,iwalters@hotmail.com
262,Barbara Davis,Male,59,Medium,Health physicist,New Jamesland,Master,ifuller@yahoo.com
263,Linda Boone,Male,41,Medium,Stage manager,Samuelmouth,Bachelor,philip10@gmail.com
264,Dawn Campbell,Other,21,High,Prison officer,North Megan,High School,xsullivan@young.com
265,Tara Rush,Other,64,Medium,Web designer,Stacyport,PhD,ann34@silva.net
266,Michele Kelly,Male,44,High,Drilling engineer,Ashleytown,High School,wlee@gmail.com
267,Kimberly Smith,Male,68,Low,Fish farm manager,New Amandaview,Master,jack72@rhodes.info
268,Robert Mcbride,Female,62,Medium,"Teacher, English as a foreign language",Mallorymouth,High School,carlrojas@thomas.info
269,Keith Soto,Female,21,High,Multimedia specialist,East Daniel,PhD,arielherrera@hotmail.com
270,Joseph Mcneil,Female,49,Low,Operations geologist,New Christine,High School,waltonkevin@hotmail.com
271,Tabitha Medina,Female,27,Low,Camera operator,Tylerview,PhD,stephanie90@yahoo.com
272,Michael Contreras,Male,28,Medium,Speech and language therapist,Lake Johnview,PhD,hollyaustin@yahoo.com
273,Deborah Martin,Female,45,Medium,Paramedic,Davilaville,High School,ramospatricia@yahoo.com
274,Pamela Rogers,Female,63,Medium,Freight forwarder,West Williamborough,PhD,ericdavis@hotmail.com
275,Lisa Thompson,Male,25,High,Barrister,West Michele,Bachelor,jackie18@hotmail.com
276,Sydney Hunt,Female,57,Low,Market researcher,Kennethville,High School,ryan08@anderson-arellano.com
277,Molly Jones,Female,39,Low,"Restaurant manager, fast food",Estesstad,Master,avilachristina@gmail.com
278,Charles Jacobs,Other,51,Medium,"Engineer, energy",West Williamville,High School,kevin53@yahoo.com
279,Jade Benson,Female,62,Low,"Engineer, aeronautical",Erintown,Bachelor,natashachapman@howell-taylor.com
280,Joshua Ferguson,Male,52,High,"Embryologist, clinical",South Taylor,Bachelor,tannermary@mullins-hull.info
281,Shawn Cruz,Male,52,Low,"Engineer, civil (contracting)",Jessicatown,PhD,navarrokaren@hotmail.com
282,Kevin Ware,Male,42,Medium,Magazine journalist,West Juliaborough,Bachelor,icalhoun@walters-roberts.com
283,David Olson,Other,51,Low,Commissioning editor,Jamieland,High School,bshaw@miranda.com
284,Wesley Stout,Male,23,Low,Chief Technology Officer,Johnsonmouth,PhD,yreyes@gmail.com
285,Erin Marsh,Male,58,Medium,"Radiographer, diagnostic",Sarahmouth,High School,raymondhahn@yahoo.com
286,Michael Daniel,Female,54,Low,Architect,New Rebecca,Master,usmith@gmail.com
287,Mary Bowman,Female,18,Low,"Therapist, occupational",Kristinborough,High School,sellersshawn@gaines-soto.org
288,Andrew Davis,Male,29,Low,Music therapist,Billyburgh,Bachelor,pmcdonald@cox.com
289,Laura Everett,Male,52,Low,Research scientist (maths),Lake Susanstad,Master,gloveranna@bartlett.com
290,Katherine Fields,Other,23,High,Animal nutritionist,Davidhaven,High School,joannaclark@hotmail.com
291,Bianca Byrd,Other,34,High,Police officer,Elizabethville,PhD,alexandra28@hotmail.com
292,Jonathan Byrd,Female,26,Medium,Risk analyst,Monicachester,PhD,kellypeters@yahoo.com
293,Joshua Williams,Other,19,High,Agricultural consultant,Port Grace,PhD,dylanmartinez@gmail.com
294,Robert Caldwell,Female,35,High,Telecommunications researcher,South Benjamin,High School,kaylasmith@yahoo.com
295,Elizabeth Randolph,Female,66,Medium,Lobbyist,Erikland,PhD,rdaniels@gmail.com
296,Jessica Montoya,Female,53,Low,Product manager,Kellytown,High School,tclark@thompson.info
297,Julie Martin,Other,45,High,English as a second language teacher,Leeland,PhD,michelebrown@gmail.com
298,Regina Glover,Male,58,Medium,Magazine journalist,Steelehaven,Bachelor,kevin47@yahoo.com
299,Ashley Pruitt MD,Other,54,Low,Translator,New Philliptown,PhD,draymond@hotmail.com
300,Sharon Zavala,Male,66,High,Building surveyor,New Jonathan,Master,rachel19@miller.biz
301,Donna Bryant,Female,43,High,"Nurse, learning disability",Davisbury,PhD,klinerobert@fisher.org
302,Allen Johnson,Female,21,Medium,"Journalist, broadcasting",Summersfort,Master,patrick66@gmail.com
303,Renee Clark,Female,57,Low,Engineering geologist,South Elizabeth,High School,jeremyrobinson@yahoo.com
304,Caleb Davis,Male,53,Low,Nutritional therapist,South Earl,Bachelor,ebrown@cruz-parker.com
305,Chelsea King,Female,68,Medium,Health visitor,New Johnborough,Master,jennifercarroll@wilcox.net
306,Jessica Rice,Female,48,High,Financial controller,South Valerieside,PhD,lisa68@gmail.com
307,Stephanie Thompson,Male,47,High,Arts development officer,Deborahfort,PhD,bartonspencer@gmail.com
308,Jessica Miller,Female,67,Low,Petroleum engineer,New Mallorymouth,High School,yking@gmail.com
309,Rachel Giles,Female,51,Low,"Surveyor, land/geomatics",New Susan,Bachelor,lauren81@carter.org
310,Heather Ho,Male,36,Medium,Music tutor,Ochoaburgh,High School,jjackson@brown-mccall.org
311,Elizabeth Wood,Female,35,Low,"Editor, commissioning",South Madisonfort,High School,cclark@moody.com
312,Laura Thomas,Female,47,Low,Photographer,Jamesside,Bachelor,ofarley@alexander.org
313,Lisa Jones,Female,38,Medium,Make,Greenview,High School,uweaver@garcia.com
314,Dylan Austin,Female,20,High,Market researcher,New Christine,High School,williamssandra@gmail.com
315,Madeline White MD,Female,23,High,"Designer, blown glass/stained glass",South Emily,High School,kathleenwagner@hotmail.com
316,Bethany Cummings,Female,55,Medium,IT consultant,West Jennifermouth,High School,odorsey@hotmail.com
317,Eric Thomas,Other,30,Low,Theatre manager,North Brianna,PhD,ucurtis@cook.net
318,David Montoya,Male,62,High,Sales promotion account executive,Kaylaberg,Master,mcintyrelori@rodriguez.org
319,Erin Wilson,Other,20,Low,Armed forces logistics/support/administrative officer,Nathanview,Bachelor,greercharles@miller.info
320,Kellie Long,Other,65,Low,"Accountant, chartered certified",East Jamesville,High School,mbenjamin@gmail.com
321,Jared Smith,Female,45,High,Diplomatic Services operational officer,Normaville,High School,valenciadustin@yahoo.com
322,Elizabeth Ferguson,Female,39,Low,Ambulance person,Kimberlytown,Master,clairejones@long.com
323,Alicia Leach,Other,57,Medium,Magazine features editor,Rodneyfort,Master,barnettandrew@young.com
324,Dr. Tina Morales MD,Other,57,High,Glass blower/designer,New Donald,Master,jacksonvalerie@hotmail.com
325,Sarah Mcfarland,Other,29,Medium,IT trainer,East Patrickmouth,Master,michelle31@rodriguez.org
326,Patricia Morrison,Other,40,Low,Housing manager/officer,Danielleside,PhD,johnathangraves@yahoo.com
327,Andrew Howard,Male,48,Medium,"Psychologist, clinical",New Robertport,Bachelor,daniel69@yahoo.com
328,Felicia Stephenson,Male,35,High,Government social research officer,Carlville,High School,tyler20@barron.com
329,Nicholas Wright,Female,24,Low,"Engineer, maintenance (IT)",New Lisa,High School,washingtonpaul@yahoo.com
330,Melissa Smith,Other,25,Low,Research scientist (physical sciences),East Johnville,Bachelor,vgarrison@montoya.org
331,Blake Hernandez,Other,36,Low,Information systems manager,Cunninghamstad,PhD,michael04@peterson.org
332,Michael Foster,Male,46,Medium,Media planner,Port Vanessa,Master,brendalyons@yahoo.com
333,Mr. Antonio Hill,Female,61,Low,"Programmer, multimedia",New Jodi,PhD,zmorgan@gmail.com
334,James Luna,Female,37,Medium,"Programmer, multimedia",Lake Kendraside,Bachelor,james96@graves.net
335,Courtney Fowler,Female,67,High,Chiropodist,North Gregory,PhD,joshualee@yahoo.com
336,Riley Patterson,Female,59,Low,Publishing copy,Masseyshire,PhD,caitlinshepard@moore-peters.net
337,Dorothy Cole,Male,47,Low,English as a second language teacher,Jasonland,Bachelor,gordon15@yahoo.com
338,Mark Zimmerman,Female,64,Low,Chiropodist,Meganmouth,Bachelor,cory88@martinez.org
339,Jamie Miles,Female,39,Medium,Chemical engineer,South Gregorymouth,Master,robert04@gmail.com
340,Anna Rhodes,Other,27,Low,Animal nutritionist,Santiagohaven,High School,craigraymond@newman.com
341,Vanessa Lynch DDS,Other,43,Low,"Designer, television/film set",Johnstonville,Master,vcarter@wise.com
342,Raymond Bennett,Female,68,Low,Secretary/administrator,West Antoniomouth,High School,emily08@hotmail.com
343,Thomas Davis,Female,50,Medium,Prison officer,Fuentesmouth,Bachelor,kennethking@bailey-aguilar.com
344,Joshua Haas,Female,45,Low,"Engineer, water",Collierside,High School,jennifer42@gmail.com
345,Zoe Lopez,Female,27,Low,"Programmer, applications",Arnoldland,High School,john08@sexton.net
346,Teresa Sanchez,Other,46,High,Private music teacher,East Mark,High School,lisa73@hotmail.com
347,Michael Wallace DDS,Other,61,Low,Merchant navy officer,Port Julie,PhD,jameslester@gmail.com
348,Linda Shelton,Female,35,Medium,"Engineer, drilling",New Christine,PhD,kathleenmills@yahoo.com
349,Kristin Valentine,Female,59,High,"Journalist, magazine",Port Dustin,Bachelor,smithjoshua@yahoo.com
350,Laurie Webb,Other,18,Low,Building surveyor,Port Stevenstad,High School,jaredsalas@harris.info
351,Crystal Johnson,Male,40,Low,Counselling psychologist,Paulafurt,High School,johnsonaudrey@gmail.com
352,Tony Frazier,Female,34,Medium,"Chemist, analytical",Christophermouth,High School,harold16@gmail.com
353,George Davis,Female,60,Medium,Curator,West Josephtown,High School,yjackson@jones-stewart.com
354,James Howard,Other,54,Low,"Therapist, drama",West Ethan,Bachelor,ofritz@yahoo.com
355,Christopher Perry,Female,48,High,"Engineer, civil (consulting)",Lauraville,PhD,richard72@bell.com
356,Hunter Lee,Other,42,High,"Engineer, materials",West John,Master,sburnett@white-fisher.com
357,Lisa Mueller,Male,21,Low,Senior tax professional/tax inspector,Kennethton,Bachelor,jonathontran@gmail.com
358,Patricia Jackson,Other,69,Low,Illustrator,Montgomerybury,Master,curryjoseph@hotmail.com
359,Robert Hill,Other,26,High,Equities trader,New Loretta,Master,drivera@yahoo.com
360,Casey Martinez,Male,45,High,"Secretary, company",Vanessaborough,Bachelor,dtaylor@brown-moreno.org
361,April Ochoa,Other,47,Low,Systems analyst,New Michael,Master,gutierrezkevin@gmail.com
362,Ann Stevens,Other,64,High,"Conservation officer, nature",Ortizfurt,Master,sbrown@lewis-daniel.biz
363,Megan Bauer,Other,41,Low,"Scientist, research (physical sciences)",West Jonathan,Master,dstafford@allen.com
364,Curtis Bass,Male,50,Low,Firefighter,South Jennifer,High School,housesteven@hotmail.com
365,Alexa Conrad,Other,37,High,"Therapist, sports",Nicholasville,Master,twood@yahoo.com
366,Samantha Tucker,Male,26,Medium,"Editor, film/video",Nathanielstad,Master,delgadosusan@pearson-pena.com
367,Jennifer Stevens,Other,25,Medium,Field trials officer,New Patriciaville,Bachelor,john79@powell-taylor.com
368,Wendy Kelley,Other,41,Medium,Public affairs consultant,Katherineport,High School,deannasimmons@taylor.com
369,Timothy Torres,Female,31,Medium,Water quality scientist,Lake Scott,Bachelor,gmcgrath@yahoo.com
370,John Gonzalez,Other,35,Low,Product designer,Port James,High School,mackenzie07@kramer.com
371,Debbie Walter,Male,18,Low,Research scientist (maths),South Barrymouth,Master,smithrhonda@hotmail.com
372,Lisa Giles,Other,29,Low,Barista,Burnstown,High School,vgraham@collins-castaneda.com
373,Bradley Harris,Other,46,High,Firefighter,East Danielmouth,Master,wmelendez@hotmail.com
374,Lawrence Zimmerman,Female,54,Low,Armed forces training and education officer,Starkstad,PhD,christyoconnor@johnson-hubbard.com
375,Russell Butler,Female,43,Medium,Administrator,Lake Gregory,Bachelor,fclark@reynolds-sherman.info
376,Christine Washington,Other,50,High,Quantity surveyor,New Kendraville,Master,johnsondarren@valencia.biz
377,Dylan Guerrero,Male,60,Medium,Chartered public finance accountant,Allisonstad,Master,donna20@yahoo.com
378,Susan Torres,Male,32,Low,Database administrator,Brianstad,PhD,mcochran@hill.org
379,Janice Baker,Other,40,Low,"Sound technician, broadcasting/film/video",Charlesmouth,Master,sheltonerik@simon.com
380,Donna Miller,Male,46,High,Recruitment consultant,Port Williamville,PhD,emily37@davis.com
381,Walter Carpenter,Male,38,High,Chief Financial Officer,West Markport,PhD,rodriguezsharon@gmail.com
382,George Levine,Female,36,Low,"Embryologist, clinical",Lindsaystad,PhD,bhart@barker-smith.com
383,Roberto Rangel,Other,22,High,Phytotherapist,Hendrickschester,PhD,tanderson@hotmail.com
384,Miranda Taylor,Other,40,Low,Television camera operator,Andrewmouth,PhD,emma89@barker.info
385,James Barnett,Female,53,Medium,Immigration officer,Millerton,Bachelor,autumnbarnes@gmail.com
386,Robert Douglas,Female,37,Low,Ranger/warden,New Joshuachester,Bachelor,calvinjackson@pennington.biz
387,Melanie Gutierrez,Other,25,High,IT consultant,Thomasstad,Bachelor,thomaskelly@bryant.org
388,Robert Bailey,Male,26,High,Biomedical scientist,Lynnhaven,Bachelor,aedwards@short.com
389,David Johnson,Other,31,Low,Merchant navy officer,Bradstad,High School,cscott@yahoo.com
390,Michael Taylor,Male,23,High,Animator,South Jason,PhD,christensenmisty@yahoo.com
391,Kelly Sims,Male,18,Medium,Film/video editor,New Daleburgh,High School,carlosfrye@hotmail.com
392,Brandon James,Male,26,High,"Buyer, retail",West Hollyville,PhD,jenniferhaas@woodward-lopez.biz
393,Nicholas Jones,Other,33,High,"Surveyor, rural practice",Walterborough,High School,ashleyperry@yahoo.com
394,Emily Woods,Male,33,Low,Software engineer,Matthewborough,PhD,nking@yahoo.com
395,Clayton Benson,Male,29,Medium,Corporate treasurer,Scottville,PhD,rossdavid@larson-carter.org
396,James Gilmore,Other,22,Medium,Exercise physiologist,Milesside,PhD,thomas40@eaton-miller.com
397,Misty Hall,Other,57,Medium,"Surveyor, building",Mcdonaldfurt,Master,jonclark@hicks-ramos.info
398,Paula Chambers,Male,46,Medium,Tax adviser,Rodriguezburgh,PhD,ugonzalez@baker.net
399,Sara Brown,Female,63,High,Chiropractor,North Jacob,High School,scottchavez@yahoo.com
400,Blake Cook,Other,44,Low,Food technologist,West Katherineport,Bachelor,paul02@yahoo.com
401,Johnny Gonzales,Other,28,Low,"Teacher, primary school",Gailshire,PhD,emilypalmer@tran-mejia.org
402,Timothy Paul,Female,64,High,Building services engineer,Nicholasport,PhD,elizabeth59@yahoo.com
403,Morgan Rodriguez,Male,67,Low,Financial trader,Cruzhaven,High School,tanya27@jones-lambert.info
404,Scott Meyer,Female,45,Low,Metallurgist,South Veronicatown,PhD,escobarkaren@boone-smith.biz
405,Andrew Johnson,Other,69,Low,"Nurse, mental health",Melissabury,PhD,michelleoneal@hotmail.com
406,Alan Macdonald,Other,53,High,Drilling engineer,East Sean,PhD,oneillashley@yahoo.com
407,Victor Mendoza,Male,59,Low,Recruitment consultant,Port Scottfurt,High School,daviscorey@hotmail.com
408,Kevin Torres,Female,36,Medium,English as a foreign language teacher,East Lisa,PhD,william43@pittman.com
409,Christina Fischer,Female,52,Medium,Broadcast journalist,East Rebecca,Master,kim60@yahoo.com
410,Jordan Harmon,Other,69,Low,Oncologist,Odonnellview,Bachelor,amberchang@hotmail.com
411,John Sherman,Female,48,High,Geoscientist,North Larrytown,Master,gbell@medina-smith.net
412,Scott Oconnell,Male,61,High,Ecologist,Moodyshire,Bachelor,danielle21@yahoo.com
413,Stacey Wise,Female,36,High,"Doctor, hospital",New Cody,Bachelor,robertbrown@stanton-walsh.org
414,Angela Bates,Other,63,Medium,Clinical biochemist,Port Tamara,High School,jacquelinemontgomery@hotmail.com
415,Kimberly Anderson,Female,41,High,Toxicologist,West Johnfort,Bachelor,charles49@clark.com
416,Gregory Evans,Other,19,High,Graphic designer,Sanchezhaven,Master,tuckerkristin@gmail.com
417,Lorraine Flynn,Female,24,Low,Site engineer,Clarkbury,Master,dgonzalez@yahoo.com
418,William Calderon,Female,60,Medium,"Production designer, theatre/television/film",Smithside,PhD,ronald89@yahoo.com
419,Timothy Guerra,Female,66,Low,"Journalist, broadcasting",Youngborough,High School,elizabethtaylor@hotmail.com
420,David Smith,Other,48,Low,Commercial art gallery manager,Port Brittany,High School,eduardoburns@yahoo.com
421,Brian Thomas,Male,34,Low,Musician,Wiseborough,Bachelor,snydermatthew@gmail.com
422,Richard Pearson,Female,44,Low,"Loss adjuster, chartered",Paulfurt,High School,janetramirez@gmail.com
423,Veronica Keller,Other,53,High,"Scientist, research (maths)",Brendaburgh,Bachelor,alvaradomichael@nichols.com
424,Joshua James,Other,67,Medium,Dispensing optician,West Michael,PhD,bartonerin@perez-cruz.com
425,Alexandria Sullivan,Male,60,Low,Print production planner,Lake Joshuaton,Master,traceylewis@sampson-flores.org
426,Kelly Evans,Female,27,Medium,Brewing technologist,East Jerry,Bachelor,kevin79@powell.com
427,Michael Campbell,Other,62,Low,Midwife,Jasonside,Bachelor,meghan13@perez-braun.com
428,Stephanie Porter,Female,31,Low,Food technologist,Whitemouth,Master,pattersontoni@yahoo.com
429,Dawn White,Female,24,Low,Ambulance person,North Philip,Master,robertsmichael@hotmail.com
430,Bobby Hopkins,Male,56,Medium,Manufacturing systems engineer,Port Anita,Master,jamesreed@jacobson.com
431,Jennifer Moon,Female,57,Medium,"Psychologist, counselling",Wilsonton,High School,kirbyjeffery@hotmail.com
432,Zoe Brown,Female,26,High,"Accountant, chartered management",South Kevinchester,High School,ryan94@hotmail.com
433,Jason Black,Male,31,Low,Farm manager,Lake Robert,PhD,dguzman@yahoo.com
434,Kevin Moore,Other,25,High,"Surveyor, rural practice",Hopkinsfurt,Master,steven61@yahoo.com
435,Richard Lopez,Male,34,High,"Surveyor, building",West Dawnview,Bachelor,stephanie64@yahoo.com
436,Jason Turner,Female,40,Medium,"Librarian, public",Lake Brendan,Master,samanthagross@page.com
437,Abigail Clark,Other,33,Medium,"Clinical scientist, histocompatibility and immunogenetics",South Anthony,Master,mortonerica@patton-dawson.info
438,Gina Moore,Male,43,Medium,"Engineer, civil (consulting)",Nancyhaven,PhD,destinybrooks@richardson.com
439,Zachary Long,Other,26,Low,"Psychologist, sport and exercise",Millerfurt,PhD,natalieperry@morgan-owens.com
440,Troy Campbell,Male,53,High,"Therapist, music",Lamtown,High School,daniel19@hotmail.com
441,Carmen Everett,Female,24,Low,"Production designer, theatre/television/film",North Kimberlyport,Master,emmastark@martinez.net
442,Andrew Padilla,Other,35,High,Dance movement psychotherapist,Port Kennethville,High School,annetteweaver@day-williams.com
443,Jennifer Reeves,Female,25,Medium,Fisheries officer,Pettybury,Master,whitewanda@garcia-fitzpatrick.com
444,Teresa Robinson,Other,38,High,"Surveyor, rural practice",Lake Michaelstad,Master,hurleymathew@ortega.biz
445,Sarah Rush,Male,43,Low,Therapeutic radiographer,West Melanie,Bachelor,danielle05@gmail.com
446,Joseph Hudson,Male,20,Medium,Insurance account manager,New Tyler,High School,ryan76@yahoo.com
447,Taylor Johnson,Male,34,Low,Music tutor,Lake Rachel,Bachelor,carlalawson@hotmail.com
448,Katrina Tucker,Other,68,High,"Scientist, research (life sciences)",Port Stephen,PhD,fredcrawford@yahoo.com
449,Lisa Krause,Male,63,Medium,Logistics and distribution manager,Matthewbury,High School,mjennings@johnson-ramos.com
450,Heather Smith,Male,41,High,Health and safety adviser,East Wayneview,Bachelor,garrett01@gmail.com
451,Shelley Foster,Male,42,High,Mental health nurse,Oconnorburgh,Master,christiankrause@gmail.com
452,Michael Murphy MD,Other,22,Low,Armed forces technical officer,Stewartmouth,Bachelor,dmartinez@hotmail.com
453,Elizabeth Johnson,Female,54,High,Music therapist,Michaelview,Master,lsanchez@massey.com
454,Jennifer Rodriguez,Other,62,Medium,"Geologist, wellsite",Port Jenniferhaven,Bachelor,vnelson@gmail.com
455,Anna Wheeler,Male,67,High,Air broker,East Toddbury,High School,james01@herrera-summers.com
456,Courtney Salinas,Male,41,Low,Furniture designer,Taylorberg,Master,rebeccaschwartz@yahoo.com
457,Michael Williams,Male,48,Low,"Engineer, technical sales",Sandersville,Master,bassanthony@hotmail.com
458,Carla Roberts,Female,43,High,Government social research officer,Lake Jason,PhD,hobbsraymond@riley.com
459,Eric Norton,Female,38,Medium,Sales promotion account executive,West Makayla,Bachelor,paulhernandez@hotmail.com
460,Christopher Carter,Female,51,Low,"Engineer, control and instrumentation",Matthewstad,PhD,greenediana@smith-schwartz.com
461,Brianna Smith,Male,55,Low,Chartered certified accountant,Nancyton,High School,deborahjohnson@yahoo.com
462,Michael Garza,Other,41,Medium,Applications developer,West Robertchester,PhD,christinaturner@anderson-mueller.org
463,Jason White,Female,45,Medium,Aid worker,Port Nicholas,Bachelor,michael62@lawrence-rodriguez.net
464,Stephen Jackson,Female,47,Low,Information officer,East Kyle,Master,tanya97@yahoo.com
465,Eugene Davies,Male,51,Low,"Nurse, learning disability",East Brandon,High School,churchmichael@yahoo.com
466,Kimberly Wang,Female,69,High,Research scientist (maths),West Samuelton,Bachelor,traceypatterson@gmail.com
467,Heather Jimenez,Male,69,Medium,Agricultural engineer,Odomville,Bachelor,heather07@harris.com
468,Michael Alvarado,Female,40,Medium,Civil Service administrator,West Vincent,PhD,mark70@hotmail.com
469,Clayton Avery,Male,25,Low,Chief Executive Officer,Alyssastad,Bachelor,christopher10@cox-wells.info
470,Thomas Charles,Female,59,High,Tourist information centre manager,Port Catherine,Master,nataliepierce@yahoo.com
471,Andrea Stanton,Female,67,High,Cytogeneticist,Nicholsonton,Bachelor,barbara95@martin-huff.info
472,Jillian Lee,Female,27,Medium,Sales promotion account executive,Jacksonton,PhD,joshuaharrington@hotmail.com
473,Angela Valencia,Male,18,Low,Research scientist (physical sciences),Cruzmouth,Master,diazaaron@hotmail.com
474,Steven Tran,Other,37,Medium,Chartered management accountant,Matthewbury,PhD,nataliehayes@pace.com
475,Alison Galloway,Male,54,Low,Communications engineer,Ericfurt,Bachelor,heather27@yahoo.com
476,Joshua Sharp,Other,35,High,Administrator,Lake Christine,Bachelor,dannycarter@frazier.com
477,Jennifer Herman,Other,38,High,Diplomatic Services operational officer,Melanieshire,High School,jonathanmaynard@hotmail.com
478,James Turner,Other,66,Medium,Engineering geologist,New Nathantown,Master,iparker@ritter-palmer.com
479,Nathaniel Robinson,Female,21,Low,"Geologist, wellsite",East Megan,Master,vincentrussell@fuentes.biz
480,Robert Abbott,Other,60,Low,"Administrator, education",Millermouth,High School,keithmay@gmail.com
481,Richard Coleman,Other,19,High,Secretary/administrator,Martinville,Master,hrobinson@yahoo.com
482,Laura Mccormick,Other,38,Low,Chief Financial Officer,Moralesview,High School,michael70@santos.com
483,Shaun Owens,Female,54,High,Chemical engineer,Jessicaton,Bachelor,david43@moore.com
484,Thomas Jones,Female,22,Low,"Accountant, chartered",New Stephanie,Master,victoria60@wells.biz
485,Sarah Williams,Other,34,Low,Mining engineer,Kylechester,PhD,johnsontyler@yahoo.com
486,Michael Morales,Male,66,Medium,Radiation protection practitioner,Hooperborough,PhD,yodom@gmail.com
487,Michelle Fischer,Female,65,High,"Conservator, furniture",Duranbury,Bachelor,matthew53@young.com
488,Nathan Wright,Female,28,Medium,"Therapist, horticultural",Katieville,PhD,kevinthomas@lowe-griffin.com
489,Douglas Myers,Male,63,Medium,"Geologist, engineering",North Angelashire,PhD,debranguyen@woods.biz
490,Matthew Juarez,Female,58,High,Consulting civil engineer,New Ryan,High School,hutchinsonalyssa@rose.com
491,Jonathan Jackson,Male,48,Low,Manufacturing systems engineer,Lake Joshuafurt,Bachelor,patriciakent@gould.com
492,Robert Martinez,Other,45,High,Sports coach,New Anna,PhD,pauldawn@yahoo.com
493,Matthew Bishop,Female,61,Low,Commercial/residential surveyor,Lake Hannahstad,High School,ipittman@hotmail.com
494,Lucas Chase,Female,49,Medium,Merchant navy officer,Davidville,High School,coxanthony@hill.com
495,Caleb Davidson,Other,38,Low,Media planner,Hartchester,High School,sarah75@gmail.com
496,Melissa Brown,Male,24,Medium,"Exhibitions officer, museum/gallery",North Nathan,Master,sbenson@frazier.com
497,Victoria Miller,Other,27,Medium,Patent examiner,New Michelle,High School,tsmith@deleon.com
498,Jason Pena,Other,45,Low,"Pharmacist, hospital",Port Theresaport,Master,umartinez@cox.com
499,David Berg,Other,65,Medium,IT technical support officer,Anthonymouth,Master,ohayes@gmail.com
500,Peter Jones,Male,53,High,Community pharmacist,Matthewstad,High School,knightdoris@yahoo.com
501,Crystal Irwin,Other,37,Medium,"Designer, textile",Carlosport,Bachelor,donnayoung@hotmail.com
502,James Caldwell,Male,30,Low,Personal assistant,Fitzgeraldport,Master,fernandezkimberly@hotmail.com
503,William King,Male,36,High,Bookseller,South Carlos,Master,pburns@hotmail.com
504,Gabriel Rosales,Female,67,Low,Chiropractor,Williammouth,Bachelor,john03@craig-collier.org
505,Travis Mcdowell,Other,28,Low,"Therapist, art",Coxshire,Master,alicia57@yahoo.com
506,Miguel Snow,Other,52,Medium,Advertising account planner,South Adamfurt,Bachelor,jacqueline20@schmidt-davila.com
507,Jacob Pratt,Female,51,High,Industrial/product designer,Owensstad,PhD,ernesthall@castaneda.com
508,William Stevens,Female,61,Medium,Careers information officer,Port Michelle,Bachelor,elizabethbarton@jimenez-myers.net
509,Louis Ford,Male,21,Medium,Holiday representative,South Scottmouth,Bachelor,christinelewis@yahoo.com
510,Michael Thomas,Male,30,Medium,Nature conservation officer,Stephensview,Master,ujohnson@gmail.com
511,Amy Harrison,Female,54,Low,Art gallery manager,Sherryborough,Bachelor,deborahortega@lewis.net
512,Rachael King,Other,19,High,Geophysicist/field seismologist,East Jennifer,Bachelor,belllisa@gilbert.com
513,Jeremy Mclean,Female,67,High,Ship broker,Kellerfurt,Master,derrickcasey@wilson.info
514,Heidi Stewart,Other,18,Low,Academic librarian,West Edward,PhD,gdurham@harper-sanders.biz
515,Brandon Rodriguez,Other,57,Medium,Marine scientist,North Donald,PhD,evan11@gmail.com
516,Logan Williams,Male,42,Low,Diagnostic radiographer,East Melissa,PhD,markrios@hotmail.com
517,Philip Mejia,Other,54,Low,Public affairs consultant,Lake Amanda,Master,christopher15@hotmail.com
518,Wendy Johnson,Other,53,Medium,Osteopath,New Michaelstad,PhD,anne12@aguirre-robinson.com
519,Lisa Browning,Male,23,Low,Purchasing manager,Wilsonton,Bachelor,ycannon@hotmail.com
520,Charles Castro,Female,24,High,Restaurant manager,Greenview,Master,mrogers@salinas.com
521,Ryan Burns,Female,21,High,"Radiographer, therapeutic",Joanneville,Bachelor,lisa69@yahoo.com
522,Nathan Kerr,Male,52,Medium,Physiotherapist,Adamsstad,High School,eclark@hotmail.com
523,Mark Fletcher,Female,58,High,Child psychotherapist,North Robin,Master,shelbywilkinson@davila.com
524,Denise Brown,Other,51,Low,Quarry manager,North Danielton,High School,hawkinskatherine@yahoo.com
525,Joel Jones,Male,46,High,Dancer,South Emilyfort,High School,ncox@henry.com
526,Justin Watson,Male,22,Medium,Ambulance person,Blanchardtown,Master,landerson@yahoo.com
527,Zachary Sosa,Male,44,Low,Careers adviser,East Derekfurt,PhD,jeremybuckley@jimenez.info
528,Antonio Walker,Female,50,High,Solicitor,Taylorchester,PhD,tyler17@esparza-weeks.com
529,Michelle Pope,Male,63,Low,Mudlogger,New Tonyaton,Master,asanchez@lee.com
530,Tracy Castillo,Male,69,Medium,Radiation protection practitioner,Powellberg,Bachelor,xpope@yahoo.com
531,Johnathan Cox,Female,27,Low,Forensic scientist,Kirbyland,PhD,christopher75@yahoo.com
532,Megan Turner,Female,23,Low,Wellsite geologist,Lake Michael,PhD,dmoore@merritt.com
533,Sean Crane,Other,51,Low,Photographer,Valeriechester,PhD,hannahmoreno@woodward-garcia.com
534,Michael Ortiz,Other,25,Medium,Applications developer,Jamestown,Bachelor,nicolediaz@park-smith.com
535,Meagan Bird,Male,48,High,"Producer, radio",Mariofort,Master,timothy49@yahoo.com
536,Craig Powell,Male,26,Low,"Psychotherapist, dance movement",New Connorborough,High School,nortiz@price.biz
537,Nicholas Cook,Other,38,Low,Medical technical officer,Port Stephenville,Bachelor,kpowers@hotmail.com
538,Jerry Shepherd,Male,25,Medium,Early years teacher,Butlerfort,Bachelor,aaron12@skinner.com
539,Wanda Ruiz,Female,21,Low,Town planner,Nataliehaven,High School,oscar92@powell-ray.info
540,Katherine Rogers,Male,39,High,Television/film/video producer,Davidmouth,Master,peterjohnson@gmail.com
541,Erin Bird,Other,45,Medium,Food technologist,Maldonadoberg,Master,mmatthews@hotmail.com
542,Jill Miller,Female,62,Medium,Tourist information centre manager,Thomasville,PhD,maryhobbs@gmail.com
543,Jesse Glover,Male,21,Medium,"Production designer, theatre/television/film",South Tiffany,Master,jessepaul@jackson.com
544,David Cross,Other,56,Medium,Corporate treasurer,Karishire,PhD,tyler01@underwood.com
545,Tina Garrett,Male,38,Medium,"Psychotherapist, dance movement",South Margaret,PhD,psmith@hotmail.com
546,James Allen,Other,25,Low,"Investment banker, corporate",Mooreville,PhD,sshelton@hotmail.com
547,Tony Moore,Female,37,High,Sports development officer,West Darrenport,High School,kristincline@weber-vaughn.org
548,Mathew Smith,Male,49,High,Commercial/residential surveyor,Nelsonburgh,Bachelor,armstrongashley@harris-perez.com
549,Richard Stanley,Male,18,High,Air traffic controller,New Ryanmouth,Bachelor,chernandez@yahoo.com
550,Kara Davidson,Female,23,High,Forensic scientist,Aaronhaven,PhD,jameslarson@gmail.com
551,Laura Gordon,Female,45,High,"Designer, interior/spatial",East Cassidychester,High School,david79@yahoo.com
552,Jordan Faulkner,Female,61,High,Operational investment banker,South Travisborough,PhD,heather96@yahoo.com
553,Diane Adams,Other,48,Low,"Horticulturist, amenity",South Roberthaven,Master,dannysavage@hotmail.com
554,Thomas Green,Female,27,High,"Scientist, audiological",North Amy,Bachelor,anthonyjordan@allen.biz
555,Ashley Nichols,Other,37,Low,Arboriculturist,Foxland,Bachelor,gcampbell@hotmail.com
556,Tyrone Monroe,Other,25,Medium,Glass blower/designer,West Pamela,Master,colin84@pugh-cochran.info
557,Dennis Hampton,Female,39,High,Commercial/residential surveyor,Lake Pennychester,Bachelor,sheajustin@lynch-walker.com
558,Edward Garcia,Other,55,Low,Plant breeder/geneticist,East Melissamouth,PhD,qgoodman@gmail.com
559,Mariah Harris,Female,46,Medium,Police officer,Cherylport,High School,hallcrystal@hotmail.com
560,Anthony Perkins,Other,26,High,Archivist,Fosterview,High School,amberlong@yahoo.com
561,April Gross,Male,61,Low,"Solicitor, Scotland",Port Andrewport,PhD,ltaylor@gmail.com
562,Denise Pierce,Male,64,Medium,Psychiatric nurse,West Lindaview,PhD,john20@frey.com
563,Rhonda Blake,Female,18,High,"Engineer, building services",Rivasberg,PhD,johnmorris@yahoo.com
564,David Wolfe,Male,58,Low,IT trainer,Dianemouth,Master,vbarber@holt.net
565,Ashley Perez,Female,69,Low,Child psychotherapist,Lake Jeremystad,Bachelor,gregory25@shelton-holmes.biz
566,Stephanie Morales,Other,56,High,Careers information officer,West Christopher,PhD,lgriffith@yahoo.com
567,Carolyn Mcdowell,Female,43,Medium,"Therapist, music",Clarkshire,Bachelor,floydwilliam@alexander.com
568,Barbara Chandler,Other,28,Medium,"Scientist, product/process development",Lake Katherine,Bachelor,williamscindy@hotmail.com
569,Jose Rodriguez,Female,69,Medium,Trading standards officer,Henryberg,Bachelor,timothy57@hotmail.com
570,John Walker,Female,52,Medium,Insurance underwriter,Taylorview,PhD,tiffanyschmidt@gmail.com
571,Jill Holt,Female,41,Medium,Art therapist,Jacksonburgh,High School,rebeccaporter@murray.biz
572,Curtis Reyes,Male,50,Medium,Analytical chemist,Port Kimberly,Bachelor,yvonnecisneros@castro.biz
573,Gary Stevens,Female,37,Low,"Engineer, manufacturing systems",Matthewmouth,High School,raymondgerald@gmail.com
574,John King,Female,44,Medium,Risk analyst,Port Jay,PhD,xcoleman@gmail.com
575,Ryan Terrell,Other,32,Medium,Building surveyor,Amandaside,High School,bethherring@hotmail.com
576,Joanna Hayden,Female,50,Medium,"Designer, textile",Shepardmouth,Bachelor,lopezbernard@yahoo.com
577,Joseph Walker,Female,69,High,Speech and language therapist,Kyleville,PhD,aponce@hotmail.com
578,Tracy Wilkerson,Other,24,High,Midwife,Freemanburgh,Master,mwilliams@cunningham.com
579,David Lee,Other,51,Low,Banker,Lake Tiffanyton,Master,smithsusan@harris.com
580,Nicole Bowen,Female,62,High,"Horticulturist, commercial",Huntertown,Bachelor,gatesheather@bell.org
581,Catherine Collins,Other,68,Medium,"Education officer, environmental",Port Morganmouth,Bachelor,brendaterry@watson.com
582,Amanda Hansen,Other,63,Medium,Statistician,Port Alanfort,Master,patricia11@collins.com
583,Laura Green,Male,59,Low,Volunteer coordinator,South Gavin,Bachelor,mwhite@yahoo.com
584,Michael Burns,Male,22,Medium,Passenger transport manager,East Emily,High School,richardisabel@gmail.com
585,Michael Wood,Other,47,Medium,Gaffer,North Autumn,High School,armstrongstephen@hotmail.com
586,Erin Williams,Female,45,Low,Visual merchandiser,West Matthewland,Master,osmith@gmail.com
587,Shane Richardson,Female,35,High,"Surveyor, hydrographic",North Joel,High School,pvazquez@lee.com
588,Kenneth Gonzales,Female,53,Low,Charity officer,Andreaberg,High School,troycurry@hotmail.com
589,Rachel Gomez,Male,20,Low,"Journalist, broadcasting",North Tyroneshire,PhD,mooremegan@gmail.com
590,Daniel Hoffman,Female,38,High,"Development worker, international aid",Ayalaville,Master,tfarley@bell.com
591,Eric Murray,Other,63,Low,Physiotherapist,Dillonfort,High School,hgonzales@hotmail.com
592,Christopher Hernandez,Female,33,High,"Engineer, aeronautical",North Kimberlyfurt,Master,tcraig@cochran.com
593,Jessica Reeves,Male,54,High,Fine artist,Sellersville,Master,elizabeth12@yahoo.com
594,Megan Scott,Male,59,Medium,Associate Professor,Hamiltonmouth,PhD,teresa02@green.org
595,Eric Sawyer,Other,22,Low,Banker,New Yvonne,Master,emeyers@yahoo.com
596,Toni Hull,Female,67,Medium,Equality and diversity officer,Bridgettown,High School,christopher62@gmail.com
597,Jason Williams,Female,68,High,Special effects artist,Cannonstad,High School,emccall@jackson.com
598,Sarah Boyd,Other,31,High,Production manager,Lake Cameronberg,High School,urivas@yahoo.com
599,Charles Smith,Other,48,Low,Television production assistant,Carltown,Master,tracyjohnson@davis.biz
600,Stephen Rios,Female,63,Low,"Administrator, arts",Campbellport,Bachelor,michelle54@gmail.com
601,Kimberly Parker,Male,41,High,Nutritional therapist,Jonathanstad,High School,shellyyoung@goodman.com
602,Kevin Hinton,Male,52,Low,Politician's assistant,Avilashire,Bachelor,piercepatricia@smith-baker.info
603,Charles Foster,Female,53,High,Marine scientist,Lake Michaelborough,Bachelor,stephensonkevin@yahoo.com
604,Jeffrey King,Male,27,Medium,"Engineer, electrical",Maxwellhaven,PhD,andrew86@gmail.com
605,Michelle Gomez,Female,44,Medium,"Engineer, aeronautical",East Cassidyfurt,Master,smithbrooke@hart.org
606,Frank Martinez,Female,44,Medium,Archivist,Brookefort,PhD,qbell@hotmail.com
607,Alex Vaughn,Female,40,High,"Nurse, learning disability",South Juanchester,PhD,jennifer41@webster.net
608,Joanna Townsend,Other,30,Low,Arts administrator,East Michael,Master,burgesskristen@dyer-eaton.com
609,Bruce Woods,Other,33,Medium,Hotel manager,New Jennifermouth,Bachelor,daniel99@murray-gamble.org
610,Lisa Porter,Male,52,Low,Financial controller,South Anthony,Bachelor,rick11@gmail.com
611,Jason Mercer,Male,44,High,Proofreader,Pattersonchester,Master,wrightandrea@bond.com
612,Dave King,Male,69,Medium,Maintenance engineer,North Davidville,Bachelor,amartinez@yahoo.com
613,Timothy Wagner,Other,56,High,Waste management officer,New Jennifer,Bachelor,boydrachel@robinson.com
614,Cindy Leblanc,Other,64,Medium,Software engineer,Bonnieview,Bachelor,hartamanda@hutchinson.com
615,Heather Abbott,Other,34,High,Diplomatic Services operational officer,Matthewmouth,Bachelor,zdean@hotmail.com
616,Juan Lyons,Other,65,High,Dispensing optician,New Daniel,Master,davidsteele@hotmail.com
617,Jennifer Rodriguez,Other,58,Medium,Charity fundraiser,Cristinaview,PhD,xthomas@gmail.com
618,David Gonzalez,Female,18,High,Consulting civil engineer,Patriciaberg,High School,courtneymoody@yahoo.com
619,Anita Stephens,Other,28,Low,"Solicitor, Scotland",South Debbie,Master,jennifer69@hill.biz
620,Mary Wyatt PhD,Other,29,Medium,Armed forces operational officer,South Heathershire,PhD,diazbrandon@hernandez.biz
621,Cathy Craig,Male,31,Low,Mechanical engineer,Lake Rachel,Master,brentchan@mcdonald.info
622,Emily Burnett,Male,25,High,"Buyer, industrial",Masonberg,Master,kiddmary@dixon-wilson.com
623,Cindy Rose,Other,48,Low,Radio producer,Wilsonfort,Master,xpeters@garrett.net
624,Ashley Brooks,Male,24,Low,"Social research officer, government",Courtneychester,High School,ianrobertson@gmail.com
625,Mary Ho,Other,63,High,Aid worker,Lake Jenniferton,Bachelor,jasonnixon@yahoo.com
626,Nicole Harris,Male,48,High,"Buyer, industrial",Millerport,Master,james68@gmail.com
627,James Parker,Other,33,High,Speech and language therapist,Nguyenstad,High School,qcarter@roberts-lawson.com
628,Nancy Strickland,Female,59,Low,"Editor, magazine features",Velazquezside,Master,christinawallace@graves.com
629,Jamie Mcdonald,Male,56,Low,"Investment banker, corporate",Kathrynfurt,High School,maddentimothy@hotmail.com
630,Gina Reed,Female,61,Low,"Engineer, manufacturing",East Derrickhaven,PhD,acevedojason@thompson.biz
631,Kevin Carroll,Female,36,High,Environmental education officer,Watsonview,High School,roserivera@gmail.com
632,Kathryn Evans,Male,25,High,Games developer,Michaelland,Master,jessicaward@gmail.com
633,Dalton Wilson,Female,46,Low,Art gallery manager,Bradleyhaven,Master,watersronald@baldwin.com
634,Albert West,Female,19,Low,Dentist,South Christophermouth,High School,yrose@miller.org
635,Kimberly Lopez,Female,59,Low,"Engineer, building services",Michaelton,Master,meghanmills@patterson.com
636,Julia Ellis,Female,20,Low,Cytogeneticist,North Nicholas,Master,williamwall@ramirez.biz
637,William Thomas,Male,68,High,"Surveyor, mining",Griffinbury,Bachelor,jeremymckinney@yahoo.com
638,Nicole Neal,Other,46,Low,Fitness centre manager,Kennedyville,High School,donna97@wells-ferrell.net
639,Eric Hall,Female,32,Medium,Regulatory affairs officer,East Michaelfort,High School,manuelbrown@ramirez.com
640,Wendy Morales,Female,55,High,"Psychologist, counselling",West Donaldville,Bachelor,howellmichael@yahoo.com
641,Tyler Cole,Other,45,High,Legal secretary,Hendricksville,Bachelor,youngdanielle@rodriguez.biz
642,Mike Gilbert,Male,54,Medium,"Engineer, chemical",Lake Alexander,Bachelor,kevin72@gmail.com
643,Christopher George,Male,49,High,Learning mentor,Port Jennifer,Master,umason@gmail.com
644,Allison Lewis,Other,47,High,Radiation protection practitioner,Wilkinsonborough,High School,randy85@gmail.com
645,Madeline Oliver DDS,Other,68,High,Ranger/warden,Jeremyview,PhD,christinalong@hotmail.com
646,Cynthia Mullins,Female,64,Medium,Health visitor,Clarkton,Master,derrickburton@barron-dalton.com
647,Jon Smith,Other,47,High,Advertising account planner,West Jacob,Bachelor,kristasanchez@yahoo.com
648,Cynthia Harmon,Other,68,Low,Cytogeneticist,Lake Michaelfort,PhD,zachary16@yahoo.com
649,Deanna Ellis,Female,51,High,"Engineer, electrical",Hensonborough,High School,marydavis@hotmail.com
650,Brian White,Male,30,High,Speech and language therapist,North Paulport,Bachelor,patrickdennis@yahoo.com
651,Caitlin Hansen,Male,50,High,Financial adviser,Lopezside,PhD,andersonalexander@anthony.org
652,Monica Rogers,Other,59,Medium,Quarry manager,Port Pamela,High School,russellamy@hotmail.com
653,Nicole Santiago,Other,34,Medium,"Restaurant manager, fast food",East Ryanbury,PhD,tracyhunter@mcneil-pham.com
654,Christopher Johnson,Female,20,Low,Regulatory affairs officer,Colleenfurt,Bachelor,daniel44@gmail.com
655,Jorge Padilla,Male,26,Low,Landscape architect,North Gabriel,High School,nataliewright@yahoo.com
656,John Holmes,Male,69,High,Hydrologist,Jacobfurt,Master,stephanielee@yahoo.com
657,Michele Pacheco,Male,28,Medium,Secretary/administrator,Bondside,Master,bcarroll@hunter.com
658,Frank Douglas,Male,66,Low,Multimedia specialist,West Ryan,PhD,glowe@hotmail.com
659,Katherine Castillo,Other,44,Low,Diplomatic Services operational officer,Joshuahaven,Bachelor,lisa32@gmail.com
660,Joseph Ashley,Male,45,Medium,Structural engineer,Amandastad,High School,iwilkerson@yahoo.com
661,Jenna Smith,Male,19,Low,"Engineer, technical sales",Melissaside,Master,cory40@gmail.com
662,Theresa Klein,Female,18,High,"Psychologist, sport and exercise",Lake Christopher,PhD,jefferyfleming@hotmail.com
663,Stephanie Escobar,Other,23,Medium,Interior and spatial designer,Lewisberg,Master,nthompson@jenkins-walker.com
664,Dr. William Cruz,Other,42,High,Phytotherapist,North Marystad,Bachelor,robersonstephen@yahoo.com
665,Patricia Dodson,Male,52,High,Medical illustrator,Williamsstad,Master,itaylor@hawkins.biz
666,Cody Ramirez,Male,33,High,"Psychologist, occupational",Reynoldsport,PhD,alejandrasanchez@yahoo.com
667,Joshua Harris,Male,21,Medium,"Scientist, research (life sciences)",East Danielstad,Bachelor,ljohns@meadows-drake.biz
668,Tracey Martinez,Female,64,High,Cabin crew,Lake Blake,PhD,millersarah@cortez.com
669,Laurie Williams,Other,55,Medium,Fashion designer,Port James,PhD,katrina32@flores.com
670,Carrie Snow,Female,61,Medium,Barrister,Glennside,Bachelor,fryedaniel@mitchell-hunter.biz
671,Jordan Wallace,Female,37,Medium,Hydrogeologist,Lake Susan,PhD,robert46@yahoo.com
672,Emily Smith,Male,42,Medium,Historic buildings inspector/conservation officer,Christopherberg,PhD,andersontony@robinson.com
673,Peter Johnson,Female,24,Medium,Geophysical data processor,New Jesse,PhD,lisamerritt@duncan-mccann.org
674,William Webb,Other,38,Low,Dietitian,Kellytown,Bachelor,dgay@yahoo.com
675,Olivia Fitzgerald,Male,24,Low,Academic librarian,Lake Robert,High School,vincentbaker@gmail.com
676,Justin Wilson,Other,46,Low,Microbiologist,East Gina,Bachelor,daniel63@hotmail.com
677,Jennifer Buchanan,Other,69,High,Personnel officer,Melissahaven,Bachelor,longmatthew@williams-jimenez.info
678,Matthew Keller,Other,24,Low,Glass blower/designer,Lake Brett,High School,christopher18@tucker-wallace.com
679,Amber Salazar,Female,20,High,Holiday representative,New Kevinfort,Master,christinawilkerson@gmail.com
680,Cassandra Hayes,Male,46,Low,Research scientist (life sciences),Collinsview,Master,ikelley@yahoo.com
681,Chad Becker,Other,46,Medium,"Therapist, music",Walkermouth,Master,timothy19@george.info
682,Kimberly Peters,Male,56,Low,Chief Strategy Officer,Kruegerfort,PhD,twood@pena-klein.com
683,Beth Payne,Female,55,Medium,Animal technologist,Whiteton,High School,kristinaharmon@hotmail.com
684,Lisa Brooks,Female,23,High,Midwife,Rebeccatown,High School,bryanharris@gmail.com
685,Rebecca Mills,Other,63,High,Orthoptist,East Emily,PhD,zbarnes@hotmail.com
686,Amy Stevens,Other,27,High,Analytical chemist,Port Michellestad,Bachelor,eroberts@gmail.com
687,Caroline Smith,Female,54,Medium,Human resources officer,East Anthony,High School,phines@yahoo.com
688,David Hill,Male,31,High,Publishing copy,East Josephfort,PhD,petersonangela@yahoo.com
689,Kayla Miller,Other,39,High,Proofreader,South Kelli,High School,rodneymanning@hotmail.com
690,Steven Mccarthy,Other,49,Low,"Exhibitions officer, museum/gallery",East Bobbyborough,Master,jacquelinepatton@gmail.com
691,Randall Mendez,Male,35,High,Colour technologist,Lake Thomas,PhD,vacosta@gmail.com
692,Samuel Jenkins,Other,53,High,Marketing executive,Sawyerville,Bachelor,barbara72@hotmail.com
693,Jennifer Becker,Male,63,Low,Actor,East Jeremy,High School,traceyguerrero@miller.org
694,Kenneth Cline,Female,69,Medium,Hydrographic surveyor,North Virginia,High School,lisacruz@johnson.biz
695,Timothy Ritter Jr.,Female,26,High,Wellsite geologist,West Michele,High School,fitzpatrickgregory@martinez.org
696,John King,Male,43,Medium,Actuary,East Judithtown,Bachelor,amy59@moore-johnson.biz
697,Destiny Ryan,Male,39,High,"Engineer, mining",East Toddmouth,Bachelor,johnhill@hotmail.com
698,Megan Reid,Male,63,Low,Minerals surveyor,New Jenniferview,PhD,rmyers@gmail.com
699,Amy Mckinney,Female,55,High,Charity officer,Tiffanyhaven,PhD,brendavaldez@yahoo.com
700,William Vincent,Male,40,Low,"Scientist, research (life sciences)",Port Joanne,PhD,lindamitchell@gmail.com
701,Cindy Holmes,Male,34,Low,Structural engineer,East Jamieborough,PhD,browncaitlin@bell.com
702,Alexa Parker,Female,43,Low,Broadcast presenter,South Gregorymouth,PhD,lisa88@gmail.com
703,David Castro,Female,64,Medium,Information officer,Lake Eric,PhD,kellis@yahoo.com
704,Carlos Farmer,Other,55,Low,Risk analyst,Mcclureberg,High School,taylormelissa@flores-chambers.org
705,Felicia Smith,Female,19,Medium,"Surveyor, land/geomatics",West Jane,Bachelor,marvincameron@yahoo.com
706,Tiffany Smith,Female,23,Low,Commercial/residential surveyor,East Teresa,High School,teresa10@yahoo.com
707,Shannon Jimenez,Female,24,Medium,Diagnostic radiographer,South Traci,Bachelor,brendascott@gonzalez.com
708,Kathleen Grant,Male,30,Medium,Science writer,South Joshua,High School,amyroberts@mora.com
709,Lisa Raymond,Other,44,Low,"Producer, radio",New Jessicaview,PhD,clarkangela@gmail.com
710,Gerald Hall,Other,28,High,Retail buyer,North Amanda,PhD,shood@dixon-hernandez.biz
711,Alexandra Robertson,Other,32,Low,"Scientist, research (medical)",Vasquezland,High School,sandra31@morse-dunn.org
712,Sharon Lee,Other,26,High,Waste management officer,Bruceberg,Master,natashafuller@cole.org
713,Ryan Garza,Female,25,Medium,Chief Financial Officer,East Lorichester,High School,fernandezandrea@hotmail.com
714,Robert Schultz,Male,63,High,Air cabin crew,Maldonadoside,Master,ohill@gmail.com
715,Sydney Hobbs,Other,23,High,Operations geologist,South Justin,High School,hensonnicole@hodges.com
716,Stephanie Walton,Male,65,Low,Careers information officer,Booneshire,Master,williamsjennifer@gmail.com
717,Sara Nelson,Other,60,Low,Colour technologist,New Mallory,PhD,brownpaul@robertson-nelson.com
718,Grace Phillips DVM,Other,21,Medium,Passenger transport manager,Thomasburgh,Bachelor,kwest@yahoo.com
719,Kelly Holt,Other,28,Low,Automotive engineer,Johnsonmouth,Bachelor,nklein@yahoo.com
720,Lisa Reed,Female,68,High,Call centre manager,East Anthony,Master,qbecker@gmail.com
721,Jennifer Wallace,Female,45,High,Air broker,Sellersmouth,PhD,amiller@dennis-martinez.com
722,Gregory Best,Male,43,Medium,"Scientist, biomedical",Sotoberg,Bachelor,kelly51@hotmail.com
723,Erik Ashley,Other,21,Low,"Research officer, political party",South Crystal,Bachelor,joseph20@yahoo.com
724,Garrett Wilkinson,Other,32,Low,Sports coach,Rossmouth,Bachelor,rmartinez@gmail.com
725,Carrie Johnson,Other,36,Low,Environmental health practitioner,New Brittany,Master,ellisscott@brooks.net
726,Clayton Sanford,Female,23,Low,Environmental consultant,East Roger,PhD,xlittle@yahoo.com
727,Claudia Ochoa,Female,22,Low,Ambulance person,Lake Gail,Bachelor,lisaromero@jarvis.com
728,Kimberly Taylor,Female,35,High,Consulting civil engineer,South Misty,PhD,shawn82@hotmail.com
729,Lindsey Medina,Female,23,Low,Chief Technology Officer,Boyleside,Bachelor,vwilliams@ball-salazar.biz
730,Scott Bailey,Other,48,High,Tourist information centre manager,Wyattfort,PhD,jonathanmartinez@mann-smith.com
731,Kelly Cohen,Female,42,High,Special educational needs teacher,West Rebecca,Master,dross@gmail.com
732,Julia Gutierrez,Female,21,High,Environmental consultant,Roberttown,PhD,cynthia21@howard.info
733,Andrew Hall,Other,23,Medium,Osteopath,Lake Tylerstad,PhD,palmerrobert@turner-jordan.net
734,Patricia May,Male,58,Low,Training and development officer,South Nicholas,Bachelor,hudsonheather@giles.com
735,Ralph Morgan,Other,54,High,Historic buildings inspector/conservation officer,Bellmouth,Master,wrightsara@olson.net
736,Natasha Bruce,Male,67,Low,Local government officer,Samuelside,PhD,reidcarmen@clayton.com
737,Michael Thompson,Female,42,Medium,Ergonomist,South Ricardoshire,PhD,edwardlynch@ramirez.com
738,Paula Gibbs DDS,Other,51,Medium,"Administrator, sports",Port Anthonyville,Master,davidstewart@flores.com
739,Dennis Bender,Female,36,Low,Meteorologist,North Nicoleland,PhD,ricemark@rivera.biz
740,Drew Bradley,Male,51,Low,Environmental manager,New Michael,High School,brookshannah@hotmail.com
741,Emily Frank,Female,32,Low,"Engineer, drilling",Timothychester,Bachelor,stephanie07@hoffman-johnson.com
742,Greg Harrison,Female,67,Medium,Diplomatic Services operational officer,New Christinaburgh,PhD,dennis33@carlson.com
743,Jamie Walters,Male,25,Medium,Research scientist (medical),Lake Albertland,Master,donald28@gmail.com
744,Tyler Lopez,Male,61,Medium,Radio broadcast assistant,East Sarah,High School,garciacynthia@hotmail.com
745,John Greene,Other,64,High,Police officer,Glenport,High School,hubermichele@hotmail.com
746,David Ferguson,Other,66,High,Secretary/administrator,Clarkfort,Bachelor,cheryl20@hotmail.com
747,Corey Adams,Female,51,Medium,Theme park manager,Chandlerberg,High School,wendygonzales@hotmail.com
748,Elizabeth Olson,Female,35,High,Broadcast presenter,North Carlos,Bachelor,ana27@gmail.com
749,Shawn Hatfield,Other,47,Low,"Designer, television/film set",Lake Rodneyville,High School,spencereric@hotmail.com
750,Rodney Lewis,Male,30,High,"Surveyor, building",Bartlettmouth,Master,vchambers@yahoo.com
751,Jennifer Henderson,Female,64,Medium,Engineering geologist,New Andrea,Bachelor,amber86@franklin-garcia.com
752,Bruce Anderson,Male,50,Medium,"Conservation officer, historic buildings",Greerfort,Bachelor,nathan55@wright.com
753,Andrea Glover,Other,52,Low,"Sales professional, IT",South Michelle,High School,isaaccoleman@gmail.com
754,Nathaniel Booth,Male,69,Low,"Scientist, water quality",Shelleytown,Master,saracurry@yahoo.com
755,Matthew Tanner,Female,41,Medium,Trade mark attorney,Liside,High School,jonathanguzman@palmer.org
756,Rebecca Daniel,Other,43,High,Interpreter,Lake Elizabethbury,Master,suzanne34@yahoo.com
757,Clinton Padilla,Female,64,Low,Cytogeneticist,Ashleyberg,Bachelor,breannapatterson@villanueva-watts.com
758,Ryan Finley,Male,68,High,Ambulance person,Timothybury,Bachelor,stephencalhoun@hanna.biz
759,Mrs. Dawn Franklin,Other,61,Medium,Minerals surveyor,Christopherberg,High School,anne04@wilkerson-martin.com
760,Ryan Tucker Jr.,Female,59,Medium,"Scientist, research (medical)",Rebeccaborough,Bachelor,josetate@yahoo.com
761,Joseph Black,Male,64,Low,Statistician,West Sharon,Bachelor,glenswanson@yahoo.com
762,Amanda Mccoy,Female,18,Low,Nutritional therapist,East Stacey,Master,umaxwell@hotmail.com
763,Robert Martin DVM,Female,30,Low,Camera operator,South Amanda,PhD,andrewprice@crawford.com
764,Donna Hays,Other,27,High,Herpetologist,Biancafurt,Master,fwilson@yahoo.com
765,Heather Brewer,Other,36,Low,Accounting technician,Port Valerie,PhD,michele00@gmail.com
766,Katherine Hodge,Other,22,Medium,Higher education lecturer,Markfort,High School,kbauer@gmail.com
767,Jeremy Sanchez,Other,25,High,Public house manager,Emilyville,PhD,ricebrittany@yahoo.com
768,Kathy Baker,Female,21,Medium,"Engineer, drilling",New Douglas,Master,jacksonstephanie@gmail.com
769,Brandon Bond,Female,66,Low,"Surveyor, minerals",Kimberlyberg,Bachelor,zimmermanjeffrey@yahoo.com
770,John Riddle,Female,30,High,Trade union research officer,Joshuamouth,Bachelor,annarichardson@stone.com
771,Victoria York,Male,55,High,Economist,Victorport,Master,karen69@gmail.com
772,Michael Smith,Female,63,Low,Minerals surveyor,East Stephanieville,Master,connieharrell@yahoo.com
773,Michael Woods,Male,66,Low,"Scientist, forensic",Karlfort,Master,scottrodriguez@hill.com
774,Eric George,Other,63,Medium,Health physicist,Christopherburgh,Master,nbailey@hotmail.com
775,Daniel Lewis,Other,36,Low,Biomedical engineer,Davisport,Master,christopherbrown@hotmail.com
776,Mrs. Veronica Ballard,Female,69,High,"Engineer, communications",East Carolynchester,High School,samantha50@sullivan-hall.biz
777,Chad White,Female,67,High,Therapeutic radiographer,South Regina,Bachelor,christopher45@hotmail.com
778,Kelsey Gonzalez,Female,25,Low,Paramedic,Deborahton,High School,dean19@hotmail.com
779,Jessica Graham,Other,44,Low,"Engineer, building services",Cindyland,Master,barnesjavier@coleman-brooks.com
780,Miranda Walters,Other,67,Medium,Fine artist,Johnsonmouth,PhD,frankschroeder@mcclain.com
781,Eileen Hale,Other,64,High,"Engineer, energy",Hollowayfort,PhD,andersonmelinda@freeman-gonzalez.net
782,Emily Delgado,Other,47,High,Hotel manager,Barkerbury,High School,sarahbaldwin@gill.com
783,Jonathan Peterson,Female,21,High,Professor Emeritus,South Lisa,Bachelor,nathan58@tate.info
784,Jennifer Williams,Female,28,Low,Civil Service fast streamer,West Zachary,Bachelor,nashmark@gmail.com
785,Kristin Garcia,Other,38,Medium,Aeronautical engineer,Angelatown,Bachelor,robertthomas@wagner.com
786,Jacqueline Dominguez,Other,60,Low,Magazine features editor,Lake Tammy,Master,htaylor@yahoo.com
787,Sally Conway,Other,19,Medium,"Surveyor, minerals",Bentonbury,PhD,tonyabird@gmail.com
788,Daniel Owens,Other,38,Low,Call centre manager,West Jacob,Master,whiteandrea@kane.info
789,Michael Lucas MD,Other,34,Low,Medical sales representative,East Mary,Bachelor,colenicole@miller-jarvis.com
790,Kevin Jones,Other,60,Low,IT technical support officer,Thompsonburgh,High School,drogers@mitchell.com
791,Stephanie Sampson,Other,68,High,"Surveyor, quantity",Jonmouth,Bachelor,ariel13@miller.net
792,Jacqueline Larson,Female,46,Medium,Oncologist,New Derrick,High School,cwilkins@gmail.com
793,Eric Ortega,Other,44,Medium,Dancer,Lake Jennifer,Bachelor,butlerkenneth@yahoo.com
794,Sara Padilla,Male,41,High,"Radiographer, therapeutic",West Tammyburgh,PhD,rachelalexander@gmail.com
795,Cynthia Carson,Female,66,High,Commercial/residential surveyor,Pottermouth,PhD,maddoxerica@craig.com
796,Aaron Bentley,Other,20,Medium,Hydrographic surveyor,Port Christopher,PhD,xscott@gmail.com
797,Alex Ritter,Other,56,Medium,Translator,Martinchester,Master,lindseyelizabeth@yahoo.com
798,James Moore,Female,27,Medium,IT technical support officer,Port Lori,PhD,caitlin74@taylor.org
799,Breanna Wilson,Other,20,Low,Animator,West Natalieborough,Master,edwardhoover@moore-watson.com
800,Kathryn Dixon,Other,62,Medium,Nutritional therapist,West Aaronberg,PhD,zjohnson@patrick.com
801,Eric Robinson,Male,59,Medium,Special educational needs teacher,South Angie,PhD,nicholslisa@smith.com
802,Tara Chavez,Other,43,High,"Producer, radio",Adrianstad,Master,jcox@pratt-summers.com
803,Kathy Ross,Male,54,Medium,Geochemist,North Jason,PhD,shepherdjulia@yahoo.com
804,Gloria Bryant,Female,44,Medium,Chartered loss adjuster,Fernandezfort,Master,cameronclarke@hotmail.com
805,Jesus Skinner,Other,22,High,"Geologist, wellsite",Burkechester,PhD,thomasmartin@yahoo.com
806,Duane Barr,Male,59,High,Theatre manager,Kevinland,Master,john36@webb-andrews.biz
807,John Fisher,Female,28,High,Manufacturing engineer,Michelleshire,Bachelor,wardjacob@yahoo.com
808,Matthew Frazier,Female,30,Medium,"Engineer, land",Taylorberg,Master,phillipsjohn@gmail.com
809,Ellen Thompson,Other,58,Medium,Intelligence analyst,New Kristopher,Master,robert67@yahoo.com
810,Michelle Bell,Other,51,High,Patent attorney,Hensonmouth,High School,kristin25@yahoo.com
811,Mrs. Carol Yang,Female,55,Medium,Pensions consultant,Port Amyport,PhD,joangood@gmail.com
812,Kelly Williams,Female,57,High,Insurance broker,West Tylerport,High School,vargaskathryn@young.biz
813,Sarah Barker,Female,50,Medium,Community pharmacist,Lake Timothy,Bachelor,ypham@hotmail.com
814,Rodney Henderson,Male,51,High,Teaching laboratory technician,Lake Christopherburgh,Bachelor,hayneslaura@roberts.com
815,Vanessa Smith,Other,44,High,Gaffer,South Randyborough,Bachelor,breanna56@faulkner.net
816,Christina Roberts,Other,53,High,Product/process development scientist,Hollyfort,High School,wellssteven@hotmail.com
817,Ronnie Robinson,Male,43,Low,Building control surveyor,West Jasonshire,Bachelor,wbaker@gmail.com
818,Marcus Morris,Female,68,High,Technical author,Lyonsview,Master,bclark@yahoo.com
819,Sarah Hughes,Other,42,High,"Engineer, production",Goodwinport,Master,omorrow@gmail.com
820,Fred Graves,Female,36,Medium,Accounting technician,West Josephmouth,Bachelor,fergusonbrandon@villarreal-carter.biz
821,Jade Bates,Male,38,Low,"Scientist, research (physical sciences)",New Jeffreyfurt,Bachelor,mwhite@yahoo.com
822,Joseph Sherman,Male,48,Medium,Chiropractor,Lake Lori,Bachelor,amandaweaver@arias.com
823,Mr. James Ramirez,Male,46,Low,"Education officer, community",Woodville,Bachelor,ricardo35@orozco.com
824,Patricia Henderson,Other,26,High,Public relations account executive,Williamshire,High School,stephaniehendricks@newman.com
825,Betty Riggs,Male,36,Low,Careers adviser,Jamesland,Bachelor,derek82@patrick-ford.com
826,Jennifer Mitchell,Male,43,Medium,"Nurse, children's",North Paul,PhD,michellemiller@yahoo.com
827,Nicole Brewer,Other,42,Low,"Conservation officer, nature",West Frank,Bachelor,willie02@yahoo.com
828,Cassandra Ramos,Female,57,Medium,"Engineer, electrical",Yvetteland,Master,tanyadixon@gmail.com
829,Heidi Jackson,Other,60,Low,Automotive engineer,East Jackiemouth,PhD,seanhunter@yahoo.com
830,Brian Cox,Male,46,Low,Communications engineer,New Dwayne,High School,smithjesse@rogers.biz
831,Jessica Simpson,Male,42,Medium,Learning disability nurse,New Angelshire,Bachelor,heatherdavis@baker.net
832,Joan Sanchez,Other,36,High,"Development worker, community",Amyville,Master,peterdavis@yahoo.com
833,Rebecca Patel,Male,21,Medium,Conference centre manager,Jonesside,High School,stacy96@gmail.com
834,Timothy Chavez,Male,62,High,Volunteer coordinator,Michaelmouth,Bachelor,shawbrett@shaw-houston.info
835,Stephen Shields,Female,37,Medium,"Engineer, building services",South James,High School,nicolewilliams@stone.info
836,Courtney Scott,Male,63,Low,Writer,Julieberg,High School,brandibowen@yahoo.com
837,Mark Williams,Male,18,High,Civil Service fast streamer,West Nathanmouth,Bachelor,ronaldwright@dixon.info
838,Janet Hayes,Female,28,High,Osteopath,Colemanchester,Bachelor,thomasdeleon@yahoo.com
839,Jennifer Vargas,Other,21,Low,TEFL teacher,Joshuaberg,Bachelor,coffeysara@hotmail.com
840,Johnny Harper,Male,24,High,Psychotherapist,West Susanborough,Master,kelleyaustin@gmail.com
841,Brenda Willis,Other,45,Medium,Clinical embryologist,Grosshaven,Bachelor,matthew48@yahoo.com
842,Rachel Ross,Female,53,Medium,Electrical engineer,South Stevenbury,Bachelor,terrylove@yahoo.com
843,Erika Whitaker,Other,24,Low,"Scientist, marine",Port Vincent,Master,ramirezkaren@acosta-young.com
844,Christopher Elliott,Female,37,Low,"Surveyor, land/geomatics",South Ginabury,Bachelor,sarahkline@hotmail.com
845,Kelly King,Male,52,Medium,"Surveyor, insurance",Danielshire,PhD,william58@gmail.com
846,Alyssa Allen,Other,68,Low,Food technologist,New Jesse,Master,larry64@thornton-alexander.info
847,Melissa Morris,Other,68,Medium,"Designer, television/film set",North Autumn,PhD,heidi59@gmail.com
848,Angela Mitchell,Male,56,High,Patent attorney,South Josephmouth,Master,michael05@hughes.com
849,Ronald Gonzalez,Female,38,High,Accounting technician,Sharonton,PhD,joseph80@hotmail.com
850,Shelly Hernandez,Female,61,Medium,Science writer,Eriktown,High School,shawnmejia@douglas-burch.biz
851,Shirley Miller,Other,18,High,"Designer, furniture",Rodneyland,PhD,patriciaspencer@bowen-jacobs.com
852,Patricia Moyer,Female,54,Medium,Technical sales engineer,Cardenasburgh,Bachelor,ericmccann@shepherd.com
853,Donald Hughes,Other,63,Low,Archaeologist,South Steven,Master,tuckerstacie@nelson-bradley.biz
854,Evan Moore,Male,59,High,Optometrist,Johnsonchester,High School,rwilson@flores.com
855,Rachel Sandoval,Female,20,Medium,Product designer,Pamelaton,High School,hernandezjennifer@payne.com
856,Chris Crosby,Male,51,Medium,Radio producer,East Emilystad,Master,icarter@gmail.com
857,Kristine Mann,Female,30,Medium,Furniture designer,Kristenfurt,High School,ydeleon@yahoo.com
858,Benjamin Smith,Other,33,Medium,Pathologist,New Kelly,High School,tammy90@davis.com
859,Justin English,Other,51,Medium,"Psychologist, sport and exercise",East Justintown,Master,hoffmanraymond@dyer.com
860,Clayton Martinez,Male,41,Low,Psychotherapist,South Nathantown,Master,lozanoamy@parsons.info
861,Stacy Ayers,Male,30,Medium,Furniture conservator/restorer,Nicholashaven,Master,jcordova@gmail.com
862,Luke Smith,Female,23,Low,"Restaurant manager, fast food",New Lisaville,Bachelor,madeline56@yahoo.com
863,Carly Liu,Other,56,Low,Veterinary surgeon,Campbellfort,High School,tsantiago@yahoo.com
864,Mr. Christian Evans,Other,19,Low,Acupuncturist,Wallaceport,PhD,craig70@yahoo.com
865,Deborah Fisher,Male,28,High,Armed forces training and education officer,Lake Sandra,PhD,masonderek@gmail.com
866,Tiffany Berger MD,Other,24,Medium,"Engineer, petroleum",Reillyland,Master,barnettkatrina@barnes-warren.com
867,Michael Schroeder,Other,24,Medium,Animator,Jenniferhaven,PhD,vwheeler@hotmail.com
868,Brandon Buchanan,Male,56,Low,Health visitor,Drewland,Master,jill25@campbell.com
869,Elizabeth Ballard,Female,56,Low,Chartered accountant,Ericfort,Master,iespinoza@wise-baker.com
870,Eugene Stewart,Female,29,Low,Health visitor,East Crystal,High School,tknight@yahoo.com
871,Dustin Patton,Other,68,High,Printmaker,West Aprilberg,Bachelor,bryan28@bell.info
872,Sarah Warner,Female,39,High,English as a foreign language teacher,New Karenburgh,PhD,alyssakim@ramos.info
873,Emily Price,Other,68,High,"Conservator, museum/gallery",East Adammouth,High School,hbooker@gmail.com
874,Doris Baker,Male,68,Low,Training and development officer,South Nicole,High School,christopherclark@yahoo.com
875,Justin Diaz,Male,69,High,"Lecturer, higher education",Cardenaston,High School,nwillis@yahoo.com
876,Leah Gutierrez,Female,20,Low,Rural practice surveyor,Mcgeeton,Master,heather53@hotmail.com
877,Roger Marquez,Other,30,Low,"Copywriter, advertising",East Christinemouth,Bachelor,richardsonjennifer@yahoo.com
878,William Fox,Male,47,High,"Administrator, arts",East Debbieville,Bachelor,kerri90@gmail.com
879,Janet Ortega,Female,27,Medium,IT technical support officer,Williammouth,PhD,jeromejackson@hotmail.com
880,Stacy Stewart,Female,69,Medium,Chiropractor,Martinezside,PhD,jeffrey22@hotmail.com
881,Lori Williams,Other,26,High,Broadcast journalist,Port Christopher,Master,terryroger@hooper.info
882,Laura Mcdowell,Other,23,High,Conference centre manager,Mannington,Master,robinsonjoseph@cohen.info
883,Michael Cain,Female,61,Medium,Clothing/textile technologist,New Laura,PhD,danrodriguez@becker.com
884,Wanda Cole,Other,19,Medium,Recruitment consultant,North Baileyport,High School,mtyler@robinson.info
885,Amy Perez,Male,61,High,Telecommunications researcher,Nicholsshire,PhD,pclark@schneider.info
886,Kristen Brown,Other,33,Medium,"Surveyor, building",Port Kimberlybury,PhD,jonescarrie@gmail.com
887,Mark Wood,Female,30,Low,Public librarian,North Bradley,Bachelor,hmcdaniel@gmail.com
888,Paul Luna,Male,65,High,Financial adviser,West Melissahaven,PhD,jramirez@gmail.com
889,Lori Rogers,Female,30,Low,Retail banker,Port Richardborough,High School,christophergonzales@owens.com
890,Lisa Walker DDS,Other,39,Low,Copy,South Brettport,High School,claireknight@gibson.info
891,Adam Olson,Other,36,High,Clinical biochemist,Crawfordmouth,High School,vjones@gmail.com
892,Joyce Powell,Other,43,High,"Pharmacist, hospital",South Tommy,PhD,chunt@hotmail.com
893,Steven Alexander,Other,31,Low,Control and instrumentation engineer,South Samuel,Master,samanthawood@rowe-barker.com
894,Eric Jones,Other,48,Medium,Technical brewer,Port Joel,PhD,qowens@hopkins.com
895,Kim Taylor,Male,46,High,"Engineer, structural",Meganshire,Bachelor,nbarrett@yahoo.com
896,Matthew Newman,Other,62,Low,Manufacturing engineer,East Amberport,Bachelor,cassandra74@gmail.com
897,Katrina Baker,Female,59,Medium,Politician's assistant,Elliottside,Master,mmata@gmail.com
898,Ruben Diaz,Female,39,High,Estate agent,Mcdonaldberg,Master,marvin33@gmail.com
899,Christopher Savage,Other,24,High,Accommodation manager,North Keithshire,Bachelor,amandasnyder@fleming.org
900,Melinda Hensley,Other,54,Low,Retail manager,Port Christyborough,PhD,kcooper@hotmail.com
901,Janet Quinn,Female,66,High,Banker,Lake Christopher,Bachelor,justin54@hotmail.com
902,Dr. Julie Ferguson,Other,58,Medium,Television floor manager,New Bradleyton,High School,stevenflynn@yahoo.com
903,Hannah Walker,Male,44,High,Podiatrist,Lake Jeremy,Master,gilbertamy@duncan.com
904,Travis Jackson,Male,48,Medium,Environmental consultant,New Richardshire,PhD,williammiller@lucas.biz
905,Brandy Miller,Male,23,Low,"Surveyor, hydrographic",Lake Virginia,Bachelor,ronald69@mitchell.info
906,Cheryl Bowman,Male,33,High,Product manager,Dodsonfort,Master,jdurham@whitney.com
907,Robin Eaton,Female,55,High,Landscape architect,Markchester,Master,maryjackson@hotmail.com
908,Kimberly Barker,Male,55,Low,Health promotion specialist,South Scottborough,PhD,lopeztyler@rivas.net
909,Jennifer Thompson,Other,67,Low,Clinical cytogeneticist,Perezton,High School,cassidyhamilton@gmail.com
910,Monica Smith,Other,49,Low,Diagnostic radiographer,South Kelsey,High School,crawfordjames@wright.com
911,Cheryl Bell,Other,50,Medium,Therapeutic radiographer,North Richard,PhD,thomasmadison@yahoo.com
912,Robert Romero,Male,66,Medium,Adult guidance worker,New Whitney,Bachelor,smithanthony@hotmail.com
913,Holly Jackson,Other,34,High,Administrator,Lake Normafort,Bachelor,katherinewalsh@kelley.com
914,Michele Garza,Male,50,Low,Comptroller,New Lori,Master,amandaross@williams-lewis.com
915,Frederick Reid,Other,28,Low,Patent attorney,New Linda,High School,currymitchell@hotmail.com
916,Rebecca Ramirez,Male,30,Low,Marine scientist,Lake Jimton,Master,sarah30@yahoo.com
917,Angela Pham,Other,47,Low,Holiday representative,Robinsonburgh,PhD,cookdarrell@yahoo.com
918,Angela Rose,Other,18,Medium,Art gallery manager,Lake Teresafort,Bachelor,jhall@hotmail.com
919,Jessica Perez DDS,Other,47,High,Tourism officer,East Lauren,Bachelor,yhenderson@reese.com
920,John Thomas,Male,44,High,Chief Operating Officer,Boydview,Bachelor,adriangarner@gmail.com
921,Alex Richards,Other,57,Medium,"Teacher, early years/pre",Amandahaven,Bachelor,sandyshort@yahoo.com
922,James Brown,Male,40,Low,Drilling engineer,Staceyton,High School,lopezthomas@may.biz
923,Patrick Molina,Male,37,Medium,"Geologist, engineering",Williammouth,High School,alyssa68@rose-king.com
924,Elizabeth Garcia,Male,23,Low,Occupational therapist,Martinezmouth,High School,garnerjamie@miller.com
925,Ryan Washington,Female,54,Low,Chief Technology Officer,North Christina,PhD,hobbssara@hotmail.com
926,Zachary Hester,Other,37,High,Investment analyst,New Lisaside,PhD,urivera@gmail.com
927,Heather Fitzgerald MD,Male,54,High,"Engineer, civil (consulting)",New Samuel,PhD,chadball@morris.biz
928,Claire Costa,Other,23,Low,Fisheries officer,North Jeanetteberg,High School,thomasbarrett@gmail.com
929,Nathan Frey,Male,46,Medium,"Therapist, nutritional",East Stephanie,PhD,brandonford@keller.info
930,Julie Garcia,Other,30,Low,Counsellor,Mcconnellstad,PhD,brewerbrittany@garcia.com
931,Jessica Spears,Female,44,High,Art gallery manager,East Timothy,Bachelor,nbooth@fleming-campbell.com
932,Michael Williams,Female,67,High,"Editor, commissioning",North Rebecca,Master,ghansen@hotmail.com
933,Debbie Andrews,Other,37,Low,Patent attorney,North Reginabury,High School,shernandez@hotmail.com
934,Melanie Blair,Male,30,Medium,Community development worker,South Emily,Master,veronicasmith@gmail.com
935,Sandra Walters,Other,56,Medium,Broadcast journalist,Williambury,Bachelor,lisasmith@gmail.com
936,Mr. Douglas Fuller,Other,25,High,Transport planner,Caseyside,Bachelor,perrysierra@gmail.com
937,Deborah Lang,Male,34,Medium,"Radiographer, diagnostic",Sheilachester,Master,breilly@yahoo.com
938,Stephanie Schroeder,Other,47,Medium,Outdoor activities/education manager,Meghanhaven,PhD,tbaker@smith-clay.com
939,David Rose,Female,18,Low,Museum/gallery conservator,Stevenmouth,High School,victoriaoconnell@gmail.com
940,Diane Sutton,Other,41,High,"Surveyor, rural practice",Lake Stephaniechester,PhD,nduncan@yahoo.com
941,John Bright,Male,33,Low,Aid worker,South Traceyville,Master,kylegarcia@hotmail.com
942,Elizabeth Rubio,Male,28,High,Financial risk analyst,South Sarah,PhD,brandonwilliams@yahoo.com
943,Ricky Miller,Other,21,Low,Chartered certified accountant,North Dennis,Master,ericnorton@yahoo.com
944,Julia Mueller,Female,21,High,"Therapist, drama",Port Jeffrey,Master,schmidttina@sullivan-clements.com
945,Jennifer Harris,Female,34,High,Cytogeneticist,South Markburgh,Master,qduncan@gmail.com
946,Shawn Hill,Female,66,High,"Scientist, research (life sciences)",Youngchester,Master,kristen60@johnson.com
947,Bradley Santiago,Other,27,High,Dispensing optician,Jasonborough,Bachelor,gary66@hunter.com
948,Dakota Morales,Other,38,Low,Medical secretary,New Josephchester,High School,teresa52@hotmail.com
949,Molly Martin,Male,55,Medium,Publishing rights manager,North Joshua,Master,rebecca62@hotmail.com
950,Natalie Jones,Other,66,High,"Teacher, English as a foreign language",Bradleyfort,PhD,scottvalencia@hotmail.com
951,Vanessa Pierce,Other,35,Medium,"Engineer, communications",Ravenville,High School,eduardo20@yahoo.com
952,Brooke Bowen,Female,27,High,Forest/woodland manager,East Mark,Master,robertturner@cook.info
953,Bradley Stevens,Male,62,Medium,Planning and development surveyor,Tiffanyberg,PhD,maymark@yahoo.com
954,Zachary Quinn,Female,33,Low,"Loss adjuster, chartered",New Antonioside,PhD,gonzalezgary@gmail.com
955,William Evans,Male,56,Medium,"Psychologist, clinical",Lake Cynthiafurt,PhD,vjohnson@gmail.com
956,Barbara Davis,Other,32,Medium,Academic librarian,South Robertfort,PhD,lauren09@liu.com
957,Barry Wiggins,Other,51,High,Adult nurse,Rossfurt,Bachelor,elizabethsullivan@hotmail.com
958,Michael Martin,Other,22,Low,Accommodation manager,Lake Angelafort,PhD,whawkins@lynn.com
959,Linda Page,Male,34,Low,Travel agency manager,South Markside,Master,lisa86@yahoo.com
960,Victoria Vasquez,Other,54,Medium,"Designer, ceramics/pottery",Cruzport,PhD,skinnerjohn@miller.com
961,Julie Gross,Female,25,Medium,"Investment banker, operational",West Andreachester,High School,emilychang@carter.com
962,Jessica Harris,Other,41,Low,"Doctor, general practice",South Amyland,PhD,dawn28@yahoo.com
963,Tanya Cooper,Male,45,Low,"Lecturer, higher education",Port William,PhD,justingarrett@henderson.net
964,Frank Gilbert,Female,64,High,Copy,New Blakeborough,Bachelor,courtneyrivers@ross.biz
965,Virginia Roberts,Male,25,Medium,Clinical cytogeneticist,New Oscarfurt,PhD,wsmith@yahoo.com
966,Elizabeth Harris,Other,40,Low,Herpetologist,New Kerry,PhD,tiffanybentley@yahoo.com
967,Nicole Oliver,Female,52,Medium,Sports therapist,West Sandra,PhD,tiffanyschroeder@ross.net
968,Jorge Walters,Female,48,High,Marketing executive,Port Jackfort,High School,collinskristin@yahoo.com
969,Claire Johnson,Female,34,Low,Recruitment consultant,Andersonfurt,PhD,ryan47@shaw-wilson.biz
970,Fred Good,Other,45,Low,Race relations officer,North Brandi,High School,thomas35@gmail.com
971,Gregory Cole,Male,65,Medium,IT technical support officer,East Jenniferburgh,High School,qstokes@hotmail.com
972,Jeffery Carter,Other,65,Low,"Administrator, Civil Service",Garciastad,Master,emilywolfe@taylor.biz
973,Danielle Simmons,Other,68,Medium,Rural practice surveyor,Scottshire,PhD,amanda30@hotmail.com
974,Kyle Jones,Male,29,Medium,"Nurse, children's",Cunninghamfurt,Master,lanceadams@hotmail.com
975,Destiny Rogers,Female,41,Low,Radio broadcast assistant,Scottville,High School,elizabethgonzales@yahoo.com
976,Susan Hubbard,Other,32,High,Armed forces technical officer,Gregoryview,PhD,wendy18@duarte.biz
977,Christine Cox MD,Male,57,Low,Biomedical scientist,Laurafurt,Bachelor,yrussell@hotmail.com
978,David Lamb,Male,48,High,Multimedia specialist,Lauratown,PhD,jacobschristina@gmail.com
979,Angela Edwards,Male,44,Low,Osteopath,Richardchester,Bachelor,jonathanritter@yahoo.com
980,Michael Smith,Male,52,Low,Further education lecturer,South Crystalville,PhD,jonathanvelasquez@neal.com
981,Zachary Miller,Other,35,High,Warden/ranger,Jeffreytown,Bachelor,mason95@fox-williams.biz
982,Julie Owen,Other,53,Medium,"Scientist, water quality",Port Rosestad,Bachelor,osbornemichelle@clayton-campos.com
983,David Olsen,Male,25,Medium,Midwife,West Denise,PhD,david76@gmail.com
984,James Graham,Other,63,Medium,"Conservation officer, historic buildings",South Sue,PhD,uyork@mccann.info
985,Brittany Martinez,Female,66,Low,"Engineer, land",East Nicholasfort,Bachelor,jacquelineadams@johnson.info
986,Shannon Miller,Female,55,Medium,"Engineer, civil (contracting)",New Kelly,Master,bobbymartinez@hotmail.com
987,Brittany Montoya,Male,22,Low,Database administrator,Lake Grantberg,PhD,portercharles@baker-johnson.com
988,Courtney Cummings,Female,31,High,Fast food restaurant manager,Tinaton,PhD,greentheresa@yahoo.com
989,Matthew Thomas,Female,55,Low,Clinical cytogeneticist,North Charlesfort,PhD,wongjeffrey@bass.net
990,Whitney Braun,Other,37,Low,Architectural technologist,Port Matthewchester,Master,abarnes@bradley.com
991,Michelle Robinson,Male,61,Medium,Comptroller,Christopherfort,Master,joseph08@hotmail.com
992,Michael Cox,Other,26,Low,Air cabin crew,Leeland,Bachelor,cjones@santana.com
993,Cheryl Johnson,Other,50,Low,Corporate treasurer,Sandrastad,PhD,melissa15@carroll.org
994,Charlotte Taylor,Other,35,Low,Glass blower/designer,East Paulton,High School,vsullivan@wright-mendez.com
995,Mrs. Ashley Scott,Male,23,High,Environmental health practitioner,North Christineville,PhD,hayeskayla@yahoo.com
996,Steven Spencer,Female,54,Low,Media planner,East Michelle,PhD,reedbenjamin@hotmail.com
997,Melissa Hill,Female,19,High,Civil Service fast streamer,Shannonbury,High School,ljimenez@gmail.com
998,Jesus Ramirez,Male,47,Low,Hydrogeologist,Amystad,Master,sharon83@lee.com
999,Diana Cochran,Female,23,Low,"Buyer, industrial",West Douglas,PhD,andrewnorton@price.com
1000,Tim Miller,Other,34,High,Make,Christopherchester,PhD,ysloan@yahoo.com
